-- phpMyAdmin SQL Dump
-- version 5.1.1
-- https://www.phpmyadmin.net/
--
-- Servidor: 127.0.0.1
-- Tiempo de generación: 25-01-2022 a las 13:00:26
-- Versión del servidor: 10.4.22-MariaDB
-- Versión de PHP: 8.1.1

SET SQL_MODE = "NO_AUTO_VALUE_ON_ZERO";
START TRANSACTION;
SET time_zone = "+00:00";


/*!40101 SET @OLD_CHARACTER_SET_CLIENT=@@CHARACTER_SET_CLIENT */;
/*!40101 SET @OLD_CHARACTER_SET_RESULTS=@@CHARACTER_SET_RESULTS */;
/*!40101 SET @OLD_COLLATION_CONNECTION=@@COLLATION_CONNECTION */;
/*!40101 SET NAMES utf8mb4 */;

--
-- Base de datos: `diario`
--

-- --------------------------------------------------------

--
-- Estructura de tabla para la tabla `alimentos`
--

CREATE TABLE `alimentos` (
  `id` int(4) DEFAULT NULL,
  `nombre` varchar(30) DEFAULT NULL,
  `calorias` int(3) DEFAULT NULL,
  `proteinas` int(4) DEFAULT NULL,
  `hidratos` int(4) DEFAULT NULL,
  `grasas` int(3) DEFAULT NULL,
  `azucares` int(3) DEFAULT NULL,
  `fibra` int(3) DEFAULT NULL,
  `calcio` int(4) DEFAULT NULL,
  `hierro` int(2) DEFAULT NULL,
  `yodo` int(2) DEFAULT NULL,
  `zinc` int(2) DEFAULT NULL,
  `magnesio` int(3) DEFAULT NULL,
  `potasio` int(2) DEFAULT NULL,
  `fosfato` int(4) DEFAULT NULL,
  `selenio` int(2) DEFAULT NULL
) ENGINE=InnoDB DEFAULT CHARSET=utf8mb4;

--
-- Volcado de datos para la tabla `alimentos`
--

INSERT INTO `alimentos` (`id`, `nombre`, `calorias`, `proteinas`, `hidratos`, `grasas`, `azucares`, `fibra`, `calcio`, `hierro`, `yodo`, `zinc`, `magnesio`, `potasio`, `fosfato`, `selenio`) VALUES
(1, 'kiwi', 61, 1, 11, 1, NULL, NULL, 25, 0, NULL, NULL, 15, 290, NULL, NULL),
(2, 'limón', 44, 1, 9, 0, NULL, 1, 12, 0, NULL, NULL, NULL, 149, NULL, NULL),
(3, 'mandarina', 43, 1, 9, 0, NULL, 2, 36, 0, NULL, NULL, NULL, 160, NULL, NULL),
(4, 'mango', NULL, NULL, NULL, NULL, NULL, NULL, NULL, NULL, NULL, NULL, NULL, NULL, NULL, NULL),
(5, 'manzana', 52, 0, 11, 0, NULL, 2, 6, 0, NULL, NULL, NULL, 107, NULL, NULL),
(6, 'naranja', NULL, NULL, NULL, NULL, NULL, NULL, NULL, NULL, NULL, NULL, NULL, NULL, NULL, NULL),
(7, 'papaya', NULL, NULL, NULL, NULL, NULL, NULL, NULL, NULL, NULL, NULL, NULL, NULL, NULL, NULL),
(8, 'pera', NULL, NULL, NULL, NULL, NULL, NULL, NULL, NULL, NULL, NULL, NULL, NULL, NULL, NULL),
(9, 'piña', NULL, NULL, NULL, NULL, NULL, NULL, NULL, NULL, NULL, NULL, NULL, NULL, NULL, NULL),
(10, 'plátano', NULL, NULL, NULL, NULL, NULL, NULL, NULL, NULL, NULL, NULL, NULL, NULL, NULL, NULL),
(11, 'pomelo', NULL, NULL, NULL, NULL, NULL, NULL, NULL, NULL, NULL, NULL, NULL, NULL, NULL, NULL),
(12, 'tamarillo', NULL, NULL, NULL, NULL, NULL, NULL, NULL, NULL, NULL, NULL, NULL, NULL, NULL, NULL),
(13, 'tomate rafia', NULL, NULL, NULL, NULL, NULL, NULL, NULL, NULL, NULL, NULL, NULL, NULL, NULL, NULL),
(14, 'acelga', NULL, NULL, NULL, NULL, NULL, NULL, NULL, NULL, NULL, NULL, NULL, NULL, NULL, NULL),
(15, 'achicoria', NULL, NULL, NULL, NULL, NULL, NULL, NULL, NULL, NULL, NULL, NULL, NULL, NULL, NULL),
(16, 'alcachofa', NULL, NULL, NULL, NULL, NULL, NULL, NULL, NULL, NULL, NULL, NULL, NULL, NULL, NULL),
(17, 'apio', NULL, NULL, NULL, NULL, NULL, NULL, NULL, NULL, NULL, NULL, NULL, NULL, NULL, NULL),
(18, 'borraja', NULL, NULL, NULL, NULL, NULL, NULL, NULL, NULL, NULL, NULL, NULL, NULL, NULL, NULL),
(19, 'brócoli', NULL, NULL, NULL, NULL, NULL, NULL, NULL, NULL, NULL, NULL, NULL, NULL, NULL, NULL),
(20, 'calabaza', NULL, NULL, NULL, NULL, NULL, NULL, NULL, NULL, NULL, NULL, NULL, NULL, NULL, NULL),
(21, 'canónigos', NULL, NULL, NULL, NULL, NULL, NULL, NULL, NULL, NULL, NULL, NULL, NULL, NULL, NULL),
(22, 'cardo', NULL, NULL, NULL, NULL, NULL, NULL, NULL, NULL, NULL, NULL, NULL, NULL, NULL, NULL),
(23, 'cebolla', NULL, NULL, NULL, NULL, NULL, NULL, NULL, NULL, NULL, NULL, NULL, NULL, NULL, NULL),
(24, 'chirivía', NULL, NULL, NULL, NULL, NULL, NULL, NULL, NULL, NULL, NULL, NULL, NULL, NULL, NULL),
(25, 'coles de hoja', NULL, NULL, NULL, NULL, NULL, NULL, NULL, NULL, NULL, NULL, NULL, NULL, NULL, NULL),
(26, 'coliflor', NULL, NULL, NULL, NULL, NULL, NULL, NULL, NULL, NULL, NULL, NULL, NULL, NULL, NULL),
(27, 'endibias', NULL, NULL, NULL, NULL, NULL, NULL, NULL, NULL, NULL, NULL, NULL, NULL, NULL, NULL),
(28, 'espárragos', NULL, NULL, NULL, NULL, NULL, NULL, NULL, NULL, NULL, NULL, NULL, NULL, NULL, NULL),
(29, 'escarola', NULL, NULL, NULL, NULL, NULL, NULL, NULL, NULL, NULL, NULL, NULL, NULL, NULL, NULL),
(30, 'espinaca', NULL, NULL, NULL, NULL, NULL, NULL, NULL, NULL, NULL, NULL, NULL, NULL, NULL, NULL),
(31, 'grelos', NULL, NULL, NULL, NULL, NULL, NULL, NULL, NULL, NULL, NULL, NULL, NULL, NULL, NULL),
(32, 'haba tierna', NULL, NULL, NULL, NULL, NULL, NULL, NULL, NULL, NULL, NULL, NULL, NULL, NULL, NULL),
(33, 'hinojo', NULL, NULL, NULL, NULL, NULL, NULL, NULL, NULL, NULL, NULL, NULL, NULL, NULL, NULL),
(34, 'jengibre', NULL, NULL, NULL, NULL, NULL, NULL, NULL, NULL, NULL, NULL, NULL, NULL, NULL, NULL),
(35, 'lechugas de invierno', NULL, NULL, NULL, NULL, NULL, NULL, NULL, NULL, NULL, NULL, NULL, NULL, NULL, NULL),
(36, 'puerro', NULL, NULL, NULL, NULL, NULL, NULL, NULL, NULL, NULL, NULL, NULL, NULL, NULL, NULL),
(37, 'remolacha', NULL, NULL, NULL, NULL, NULL, NULL, NULL, NULL, NULL, NULL, NULL, NULL, NULL, NULL);

-- --------------------------------------------------------

--
-- Estructura de tabla para la tabla `alimentos_temporada`
--

CREATE TABLE `alimentos_temporada` (
  `mes` int(2) DEFAULT NULL,
  `id_alimento` int(4) DEFAULT NULL
) ENGINE=InnoDB DEFAULT CHARSET=utf8mb4;

--
-- Volcado de datos para la tabla `alimentos_temporada`
--

INSERT INTO `alimentos_temporada` (`mes`, `id_alimento`) VALUES
(1, 1),
(1, 2),
(1, 3),
(1, 4),
(1, 5),
(1, 6),
(1, 7),
(1, 8),
(1, 9),
(1, 10),
(1, 11),
(1, 12),
(1, 13),
(1, 14),
(2, 1),
(2, 2),
(2, 3),
(2, 4),
(2, 5),
(2, 6),
(2, 7),
(2, 8),
(2, 9),
(2, 10),
(2, 11),
(2, 12),
(2, 13),
(2, 14),
(2, 15),
(1, 15),
(1, 16),
(1, 17),
(1, 18),
(1, 19),
(1, 20),
(1, 21),
(1, 22),
(1, 23),
(1, 24),
(1, 25),
(1, 26),
(1, 27),
(1, 28),
(1, 29),
(1, 30),
(1, 31),
(1, 32),
(1, 33),
(1, 34),
(1, 35),
(1, 36),
(1, 37),
(1, 38),
(1, 39);

-- --------------------------------------------------------

--
-- Estructura de tabla para la tabla `autonomias`
--

CREATE TABLE `autonomias` (
  `codigo` int(2) DEFAULT NULL,
  `nombre` varchar(20) DEFAULT NULL
) ENGINE=InnoDB DEFAULT CHARSET=utf8mb4;

--
-- Volcado de datos para la tabla `autonomias`
--

INSERT INTO `autonomias` (`codigo`, `nombre`) VALUES
(1, 'Andalucia'),
(2, 'Aragón'),
(3, 'Asturias'),
(4, 'Baleares'),
(5, 'Cantabria'),
(6, 'Castilla La Mancha'),
(7, 'Castilla Leon'),
(8, 'Cataluña'),
(9, 'Comunidad de Madrid'),
(10, 'Comunidad Valenciana'),
(11, 'Galicia'),
(12, 'Gran Canaria'),
(13, 'La Rioja'),
(14, 'Pais Vasco'),
(15, 'Murcia'),
(16, 'Extremadura'),
(17, 'Navarra'),
(18, 'Ceuta'),
(19, 'Melilla');

-- --------------------------------------------------------

--
-- Estructura de tabla para la tabla `covid`
--

CREATE TABLE `covid` (
  `id` int(5) NOT NULL,
  `fecha` date NOT NULL,
  `cod_postal` varchar(5) NOT NULL,
  `casos` int(5) NOT NULL
) ENGINE=InnoDB DEFAULT CHARSET=utf8mb4;

--
-- Volcado de datos para la tabla `covid`
--

INSERT INTO `covid` (`id`, `fecha`, `cod_postal`, `casos`) VALUES
(1, '2022-01-18', '28290', 2326),
(3, '2022-01-18', '43895', 2310),
(4, '2022-01-18', '3580', 2610),
(7, '2022-01-18', '3580', 2610),
(8, '2021-03-12', '28290', 213),
(9, '2021-03-26', '28290', 248),
(10, '2021-03-30', '28290', 306),
(11, '2021-04-02', '28290', 306),
(12, '2021-04-06', '28290', 299),
(13, '2021-04-09', '28290', 299),
(14, '2021-04-17', '28290', 302),
(15, '2021-04-20', '28290', 448),
(16, '2021-04-23', '28290', 448),
(17, '2021-04-27', '28290', 465),
(18, '2021-04-30', '28290', 465),
(19, '2021-05-04', '28290', 419),
(20, '2021-05-07', '28290', 419),
(21, '2021-05-18', '28290', 258),
(22, '2021-05-25', '28290', 206),
(23, '2021-06-01', '28290', 150),
(24, '2021-06-22', '28290', 120),
(25, '2021-06-25', '28290', 92),
(26, '2021-08-30', '28290', 176),
(27, '2021-11-15', '28290', 86),
(28, '2021-11-23', '28290', 138),
(29, '2021-11-30', '28290', 159),
(30, '2021-12-01', '28290', 139),
(31, '2021-12-03', '28290', 154),
(32, '2021-12-07', '28290', 217),
(33, '2021-12-08', '28290', 230),
(34, '2021-12-09', '28290', 299),
(35, '2021-12-14', '28290', 312),
(36, '2021-12-21', '28290', 709),
(37, '2021-12-24', '28290', 1332),
(38, '2021-12-28', '28290', 1956),
(39, '2022-01-04', '28290', 2619),
(40, '2022-01-05', '28290', 2572),
(41, '2022-01-07', '28290', 2526),
(42, '2022-01-11', '28290', 2296),
(43, '2022-01-18', '28290', 2326),
(44, '2021-03-12', '3580', 20),
(45, '2021-03-16', '3580', 20),
(46, '2021-03-23', '3580', 5),
(47, '2021-03-26', '3580', 5),
(48, '2021-03-30', '3580', 4),
(49, '2021-04-02', '3580', 5),
(50, '2021-04-06', '3580', 24),
(51, '2021-04-09', '3580', 24),
(52, '2021-04-17', '3580', 34),
(53, '2021-04-20', '3580', 29),
(54, '2021-04-23', '3580', 29),
(55, '2021-04-27', '3580', 39),
(56, '2021-04-30', '3580', 30),
(57, '2021-05-04', '3580', 30),
(58, '2021-05-07', '3580', 30),
(59, '2021-05-18', '3580', 45),
(60, '2021-05-25', '3580', 19),
(61, '2021-06-01', '3580', 19),
(62, '2021-06-22', '3580', 19),
(63, '2021-06-25', '3580', 15),
(64, '2021-08-30', '3580', 15),
(65, '2021-09-15', '3580', 84),
(66, '2021-11-23', '3580', 237),
(67, '2021-11-30', '3580', 243),
(68, '2021-12-01', '3580', 259),
(69, '2021-12-03', '3580', 404),
(70, '2021-12-07', '3580', 564),
(71, '2021-12-08', '3580', 604),
(72, '2021-12-09', '3580', 644),
(73, '2021-12-14', '3580', 1025),
(74, '2021-12-21', '3580', 1043),
(75, '2021-12-24', '3580', 1053),
(76, '2021-12-28', '3580', 953),
(77, '2022-01-04', '3580', 936),
(78, '2022-01-05', '3580', 933),
(79, '2022-01-07', '3580', 1018),
(80, '2022-01-11', '3580', 1691),
(81, '2022-01-18', '3580', 2609),
(82, '2021-09-15', '43895', 34),
(83, '2021-11-23', '43895', 34),
(84, '2021-11-30', '43895', 34),
(85, '2021-12-01', '43895', 34),
(86, '2021-12-03', '43895', 138),
(87, '2021-12-07', '43895', 138),
(88, '2021-12-08', '43895', 207),
(89, '2021-12-09', '43895', 207),
(90, '2021-12-14', '43895', 172),
(91, '2021-12-21', '43895', 379),
(92, '2021-12-24', '43895', 793),
(93, '2021-12-28', '43895', 931),
(94, '2022-01-04', '43895', 1190),
(95, '2022-01-05', '43895', 1448),
(96, '2022-01-07', '43895', 1517),
(97, '2022-01-11', '43895', 2414),
(98, '2022-01-18', '43895', 2310);

-- --------------------------------------------------------

--
-- Estructura de tabla para la tabla `direccion_viento`
--

CREATE TABLE `direccion_viento` (
  `direccion` int(3) DEFAULT NULL,
  `nombre` varchar(10) DEFAULT NULL
) ENGINE=InnoDB DEFAULT CHARSET=utf8mb4;

--
-- Volcado de datos para la tabla `direccion_viento`
--

INSERT INTO `direccion_viento` (`direccion`, `nombre`) VALUES
(270, 'W'),
(195, 'SSW'),
(42, 'NE'),
(54, 'NE'),
(45, 'NE'),
(33, 'NNE'),
(90, 'E'),
(135, 'SE'),
(189, 'S'),
(225, 'SW'),
(315, 'NW'),
(0, 'N'),
(23, 'NNE'),
(38, 'NE'),
(310, 'NW'),
(18, 'NNE'),
(192, 'SSW'),
(320, 'NW'),
(96, 'E'),
(232, 'SW'),
(248, 'WSW'),
(293, 'WNW'),
(338, 'NNW'),
(163, 'SSE'),
(203, 'SSW'),
(68, 'ENE'),
(21, 'NNE'),
(19, 'NNE'),
(20, 'NNE'),
(22, 'NNE'),
(24, 'NNE'),
(25, 'NNE'),
(26, 'NNE'),
(27, 'NNE'),
(28, 'NNE'),
(29, 'NNE'),
(30, 'NNE'),
(31, 'NNE'),
(32, 'NNE'),
(39, 'NE'),
(40, 'NE'),
(41, 'NE'),
(43, 'NE'),
(42, 'NE'),
(46, 'NE'),
(47, 'NE'),
(48, 'NE'),
(49, 'NE'),
(50, 'NE'),
(51, 'NE'),
(52, 'NE'),
(53, 'NE'),
(91, 'E'),
(92, 'E'),
(93, 'E'),
(94, 'E'),
(95, 'E'),
(193, 'SSW'),
(194, 'SSW'),
(196, 'SSW'),
(197, 'SSW'),
(198, 'SSW'),
(199, 'SSW'),
(200, 'SSW'),
(201, 'SSW'),
(202, 'SSW'),
(226, 'SW'),
(227, 'SW'),
(228, 'SW'),
(229, 'SW'),
(230, 'SW'),
(231, 'SW'),
(311, 'NW'),
(312, 'NW'),
(313, 'NW'),
(314, 'NW'),
(217, 'SW'),
(218, 'SW'),
(219, 'SW'),
(220, 'SW'),
(221, 'SW'),
(222, 'SW'),
(223, 'SW'),
(224, 'SW'),
(16, 'NNE'),
(56, 'NE'),
(191, 'S'),
(60, 'ENE'),
(113, 'ESE'),
(44, 'NE'),
(55, 'NE'),
(61, 'ENE'),
(62, 'ENE'),
(63, 'ENE'),
(64, 'ENE'),
(65, 'ENE'),
(66, 'ENE'),
(17, 'NNE'),
(190, 'S'),
(316, 'NW'),
(317, 'NW'),
(318, 'NW'),
(319, 'NW'),
(76, 'ENE'),
(70, 'ENE');

-- --------------------------------------------------------

--
-- Estructura de tabla para la tabla `festivos`
--

CREATE TABLE `festivos` (
  `mes` int(2) NOT NULL,
  `dia` int(2) NOT NULL,
  `nombre` varchar(50) NOT NULL,
  `cod_lugar` varchar(5) NOT NULL
) ENGINE=InnoDB DEFAULT CHARSET=utf8mb4;

--
-- Volcado de datos para la tabla `festivos`
--

INSERT INTO `festivos` (`mes`, `dia`, `nombre`, `cod_lugar`) VALUES
(1, 1, 'Año Nuevo', '0'),
(1, 6, 'Epifania del Señor', '0'),
(2, 14, 'San Valentín', '0'),
(1, 29, 'Santo Tomás de Aquino', '0'),
(3, 19, 'San José', '0'),
(3, 19, 'Dia del Padre', '0'),
(5, 1, 'Dia del Trabajo', '0'),
(6, 24, 'San Juan', '0'),
(7, 16, 'Virgen del Carmen', '0'),
(8, 15, 'Dia de la Virgen', '0'),
(9, 29, 'San Miguel Arcangel', '28290'),
(9, 29, 'San Miguel Arcangel', '28230'),
(9, 29, 'San Miguel Arcangel', '28231'),
(9, 29, 'San Miguel Arcangel', '28232'),
(10, 12, 'Virgen del Pilar', '0'),
(12, 6, 'Constitución Española', '0'),
(12, 8, 'Inmaculada Concepción', '0'),
(12, 25, 'Navidad', '0');

-- --------------------------------------------------------

--
-- Estructura de tabla para la tabla `meses`
--

CREATE TABLE `meses` (
  `numero` int(2) DEFAULT NULL,
  `nombre` varchar(20) DEFAULT NULL
) ENGINE=InnoDB DEFAULT CHARSET=utf8mb4;

--
-- Volcado de datos para la tabla `meses`
--

INSERT INTO `meses` (`numero`, `nombre`) VALUES
(1, 'enero'),
(2, 'febrero'),
(3, 'marzo'),
(4, 'abril'),
(5, 'mayo'),
(6, 'junio'),
(7, 'julio'),
(8, 'agosto'),
(9, 'septiembre'),
(10, 'octubre'),
(11, 'noviembre'),
(12, 'diciembre');

-- --------------------------------------------------------

--
-- Estructura de tabla para la tabla `nubes`
--

CREATE TABLE `nubes` (
  `codigo` int(3) DEFAULT NULL,
  `nombre` varchar(20) DEFAULT NULL
) ENGINE=InnoDB DEFAULT CHARSET=utf8mb4;

--
-- Volcado de datos para la tabla `nubes`
--

INSERT INTO `nubes` (`codigo`, `nombre`) VALUES
(9, 'clear sky'),
(0, 'clear sky'),
(65, 'broken clouds'),
(40, 'scattered clouds'),
(20, 'few clouds'),
(75, 'broken clouds'),
(1, 'clear sky'),
(2, 'clear sky'),
(3, 'clear sky'),
(4, 'clear sky'),
(5, 'clear sky'),
(6, 'clear sky'),
(7, 'clear sky'),
(8, 'clear sky'),
(66, 'broken clouds'),
(67, 'broken clouds'),
(68, 'broken clouds'),
(69, 'broken clouds'),
(70, 'broken clouds'),
(71, 'broken clouds'),
(72, 'broken clouds'),
(73, 'broken clouds'),
(74, 'broken clouds'),
(100, 'overcast clouds');

-- --------------------------------------------------------

--
-- Estructura de tabla para la tabla `personas`
--

CREATE TABLE `personas` (
  `dni` varchar(9) NOT NULL,
  `nombre` varchar(20) NOT NULL,
  `apellido1` varchar(20) NOT NULL,
  `apellido2` varchar(20) NOT NULL,
  `Direccion` varchar(100) NOT NULL,
  `cod_postal` varchar(5) NOT NULL,
  `telefono` int(11) NOT NULL,
  `nacimiento` date DEFAULT NULL
) ENGINE=InnoDB DEFAULT CHARSET=utf8mb4;

--
-- Volcado de datos para la tabla `personas`
--

INSERT INTO `personas` (`dni`, `nombre`, `apellido1`, `apellido2`, `Direccion`, `cod_postal`, `telefono`, `nacimiento`) VALUES
('07495131Y', 'Tatiana', 'Villa', 'Ema', 'C/ Playa de San Juan, 8', '28290', 639145826, '1971-04-08'),
('', 'Andrea', 'Postlbauer', 'Villa', 'C/ Playa de San Juan, 8', '28290', 633722001, '2001-02-14'),
('02575302S', 'Sara', 'Postlbauer', 'Villa', 'C/ Playa de San Juan, 8', '28290', 633842004, '2004-11-24'),
('02575304V', 'Nicolás', 'Postlbauer', 'Villa', 'C/ Playa de San Juan, 8', '28290', 633063190, '2004-11-24'),
('52783826E', 'Juan', 'Postlbauer', 'Correas', 'C/ Playa de San Juan, 8', '28290', 619292507, '1970-12-29'),
('', 'Jose Luis', 'Villa', 'de la Torre', 'C/ Castillo de Belmonte, 1 - portal 4-3ºDE', '28232', 639711469, '1940-10-14'),
('', 'Mercedes', 'Ema', 'Diaz', 'C/ Castillo de Belmonte, 1 - portal 4-3ºDE', '28232', 630085250, '1943-10-19'),
('', 'Arantxa', 'Villa', 'Ema', 'Pablo Sorozabal 1B', '28290', 649967153, '1974-10-24'),
('', 'Luz', 'Martin', 'Villa', 'Pablo Sorozabal 1B', '28290', 643302926, '2003-05-11'),
('', 'Tomas', 'Redondo', '', 'Pablo Sorozabal 1B', '28290', 620018502, '0000-00-00'),
('07492169B', 'Patricia', 'Villa', 'Ema', '', '10460', 648929729, '1969-10-17'),
('', 'Sonia', 'Slutzi', '', '', '10460', 638319847, '0000-00-00'),
('', 'Anna', 'Postlbauer', 'Correas', 'C/ Alcalde Pedro Gonzalez, 11 portal 3 - 2ºD', '28914', 627701822, '1972-12-18'),
('', 'Pablo', 'Requejo', 'Postlbauer', 'C/ Alcalde Pedro Gonzalez, 11 portal 3 - 2ºD', '28914', 609401851, '2003-09-07'),
('', 'Laura', 'Requejo', 'Postlbauer', 'C/ Alcalde Pedro Gonzalez, 11 portal 3 - 2ºD', '28914', 623047789, '0000-00-00'),
('', 'Johann', 'Postlbauer', '', 'Calle Cabo San Vicente, 14 Esc. Izda. 9ºC', '28924', 606663208, '1943-07-15'),
('', 'Mari Cruz', 'Correas', '', 'Calle Cabo San Vicente, 14 Esc. Izda. 9ºC', '28924', 680930303, '1937-11-15'),
('', 'Natalia', 'Rodriguez', 'Orteu', '', '', 0, '1971-01-21'),
('', 'Alberto', 'Villa', 'de la Torre', '', '', 696995145, '1952-02-01'),
('', 'Sue', 'Hoole', '', 'C/ Vista Alegre, 17 - 2º', '43845', 617495179, '1952-02-01');

-- --------------------------------------------------------

--
-- Estructura de tabla para la tabla `provincias`
--

CREATE TABLE `provincias` (
  `codigo` int(3) DEFAULT NULL,
  `nombre` varchar(20) DEFAULT NULL,
  `cod_autonomia` int(2) DEFAULT NULL
) ENGINE=InnoDB DEFAULT CHARSET=utf8mb4;

--
-- Volcado de datos para la tabla `provincias`
--

INSERT INTO `provincias` (`codigo`, `nombre`, `cod_autonomia`) VALUES
(23, 'Jaen', 1),
(14, 'Cordoba', 1),
(41, 'Sevilla', 1),
(21, 'Huelva', 1),
(11, 'Cadiz', 1),
(29, 'Malaga', 1),
(18, 'Granada', 1),
(4, 'Almeria', 1),
(22, 'Huesca', 2),
(50, 'Zaragoza', 2),
(44, 'Teruel', 2),
(33, 'Asturias', 3),
(7, 'Baleares', 4),
(39, 'Cantabria', 5),
(45, 'Toledo', 6),
(13, 'Ciudad Real', 6),
(2, 'Albacete', 6),
(16, 'Cuenca', 6),
(19, 'Guadalajara', 6),
(24, 'León', 7),
(49, 'Zamora', 7),
(37, 'Salamanca', 7),
(9, 'Burgos', 7),
(42, 'Soria', 7),
(40, 'Segovia', 7),
(5, 'Avila ', 7),
(47, 'Valladolid', 7),
(34, 'Palencia', 7),
(8, 'Barcelona', 8),
(43, 'Tarragona', 8),
(25, 'Lerida', 8),
(17, 'Gerona', 8),
(28, 'Madrid', 9),
(12, 'Castellón', 10),
(46, 'Valencia', 10),
(3, 'Alicante', 10),
(15, 'La Coruña', 11),
(27, 'Lugo', 11),
(32, 'Orense', 11),
(36, 'Pontevedra', 11),
(35, 'Las Palmas', 12),
(38, 'Santa Cruz de Teneri', 12),
(26, 'La Rioja', 13),
(1, 'Alava', 14),
(48, 'Vizcaya', 14),
(20, 'Guipúzcua', 14),
(30, 'Murcia', 15),
(10, 'Caceres', 16),
(6, 'Badajoz', 16),
(31, 'Navarra', 17),
(51, 'Ceuta', 18),
(52, 'Melilla', 19);

-- --------------------------------------------------------

--
-- Estructura de tabla para la tabla `pueblos`
--

CREATE TABLE `pueblos` (
  `cod_postal` int(5) DEFAULT NULL,
  `nombre` varchar(20) DEFAULT NULL,
  `provincia` int(2) DEFAULT NULL
) ENGINE=InnoDB DEFAULT CHARSET=utf8mb4;

--
-- Volcado de datos para la tabla `pueblos`
--

INSERT INTO `pueblos` (`cod_postal`, `nombre`, `provincia`) VALUES
(28290, 'Las Rozas de Madrid', 28),
(28230, 'Las Rozas de Madrid', 28),
(28231, 'Las Rozas de Madrid', 28),
(28232, 'Las Rozas de Madrid', 28),
(28220, 'Majadahonda', 28),
(28221, 'Majadahonda', 28),
(28222, 'Majadahonda', 28),
(28250, 'Torrelodones', 28),
(3580, 'Alfaz del Pi', 3),
(3581, 'Alfaz del Pi', 3),
(3590, 'Altea', 3),
(3599, 'Altea', 3),
(43895, 'Ampolla', 43),
(3730, 'Javea', 3),
(10460, 'Losar de la Vera', 10),
(28924, 'Alcorcón', 28),
(28914, 'Leganés', 28);

-- --------------------------------------------------------

--
-- Estructura de tabla para la tabla `vital`
--

CREATE TABLE `vital` (
  `id` int(4) NOT NULL,
  `persona` varchar(10) NOT NULL,
  `tipodato` varchar(50) NOT NULL,
  `valor` decimal(8,2) NOT NULL,
  `fecha` date NOT NULL
) ENGINE=InnoDB DEFAULT CHARSET=utf8mb4;

--
-- Volcado de datos para la tabla `vital`
--

INSERT INTO `vital` (`id`, `persona`, `tipodato`, `valor`, `fecha`) VALUES
(1, '639145826', 'peso', '120.00', '2022-01-20'),
(5, '639145826', 'antigenos', '0.00', '2022-01-21'),
(10, '639145826', 'oxigeno', '96.00', '2022-01-24'),
(12, '639145826', 'temperatura', '36.30', '2022-01-24'),
(120, '639145826', 'orina - glucosa', '0.00', '2022-01-25'),
(121, '639145826', 'orina - bilirrubina', '0.00', '2022-01-25'),
(122, '639145826', 'orina - cetonas', '0.00', '2022-01-25'),
(123, '639145826', 'orina - densidad', '1030.00', '2022-01-25'),
(124, '639145826', 'orina - sangre', '0.00', '2022-01-25'),
(125, '639145826', 'orina - ph', '5.00', '2022-01-25'),
(126, '639145826', 'orina - proteinas', '0.00', '2022-01-25'),
(127, '639145826', 'orina - urobilinogeno', '0.10', '2022-01-25'),
(128, '639145826', 'orina - nitritos', '0.00', '2022-01-25'),
(129, '639145826', 'orina - leucocitos', '0.00', '2022-01-25');

-- --------------------------------------------------------

--
-- Estructura de tabla para la tabla `weather`
--

CREATE TABLE `weather` (
  `fecha` datetime DEFAULT NULL,
  `ciudad` varchar(20) DEFAULT NULL,
  `amanecer` datetime DEFAULT NULL,
  `anochecer` datetime DEFAULT NULL,
  `temp_min` int(3) DEFAULT NULL,
  `temp_max` int(3) DEFAULT NULL,
  `humedad` int(4) DEFAULT NULL,
  `viento_velocidad` int(4) DEFAULT NULL,
  `viento_direccion` int(3) DEFAULT NULL,
  `nubes` int(3) DEFAULT NULL,
  `lluvia` int(5) DEFAULT NULL
) ENGINE=InnoDB DEFAULT CHARSET=utf8mb4;

--
-- Volcado de datos para la tabla `weather`
--

INSERT INTO `weather` (`fecha`, `ciudad`, `amanecer`, `anochecer`, `temp_min`, `temp_max`, `humedad`, `viento_velocidad`, `viento_direccion`, `nubes`, `lluvia`) VALUES
('2021-12-23 00:00:00', 'Madrid', '2021-12-23 08:35:00', '2021-12-23 17:52:00', 9, 13, 83, 1, 135, 75, 0),
('2021-12-23 00:00:00', 'Madrid', '2021-12-23 08:35:00', '2021-12-23 17:52:00', 9, 13, 85, 2, 120, 90, 0),
('2021-12-23 00:00:00', 'Madrid', '2021-12-23 08:35:00', '2021-12-23 17:52:00', 9, 13, 85, 2, 120, 90, 0),
('2021-12-23 00:00:00', 'Madrid', '2021-12-23 08:35:00', '2021-12-23 17:52:00', 9, 13, 85, 2, 120, 90, 0),
('2021-12-23 00:00:00', 'Madrid', '2021-12-23 08:35:00', '2021-12-23 17:52:00', 9, 13, 85, 2, 120, 90, 0),
('2021-12-23 00:00:00', 'Madrid', '2021-12-23 08:35:00', '2021-12-23 17:52:00', 9, 12, 91, 1, 23, 90, 0),
('2021-12-23 00:00:00', 'Madrid', '2021-12-23 08:35:00', '2021-12-23 17:52:00', 9, 12, 91, 1, 23, 90, 0),
('2021-12-23 00:00:00', 'Madrid', '2021-12-23 08:35:00', '2021-12-23 17:52:00', 9, 12, 93, 1, 38, 90, 0),
('2021-12-23 00:00:00', 'Madrid', '2021-12-23 08:35:00', '2021-12-23 17:52:00', 9, 12, 93, 1, 45, 90, 0),
('2021-12-23 00:00:00', 'Madrid', '2021-12-23 08:35:00', '2021-12-23 17:52:00', 9, 12, 93, 1, 45, 90, 0),
('2021-12-23 00:00:00', 'Madrid', '2021-12-23 08:35:00', '2021-12-23 17:52:00', 9, 12, 93, 1, 45, 90, 0),
('2021-12-23 00:00:00', 'Madrid', '2021-12-23 08:35:00', '2021-12-23 17:52:00', 9, 12, 93, 1, 45, 90, 0),
('2021-12-23 00:00:00', 'Madrid', '2021-12-23 08:35:00', '2021-12-23 17:52:00', 9, 12, 92, 1, 45, 90, 0),
('2021-12-23 19:53:00', 'Madrid', '2021-12-23 08:35:00', '2021-12-23 17:52:00', 9, 12, 93, 1, 23, 90, 0),
('2021-12-23 21:31:00', 'Madrid', '2021-12-23 08:35:00', '2021-12-23 17:52:00', 8, 12, 95, 0, 113, 75, 0),
('2021-12-23 21:40:00', 'Madrid', '2021-12-23 08:35:00', '2021-12-23 17:52:00', 8, 12, 95, 1, 79, 75, 0),
('2021-12-24 00:09:00', 'Madrid', '2021-12-24 08:35:00', '2021-12-24 17:52:00', 8, 12, 95, 3, 135, 90, 0),
('2021-12-24 00:48:00', 'Madrid', '2021-12-24 08:35:00', '2021-12-24 17:52:00', 8, 12, 95, 1, 135, 90, 0),
('2021-12-24 07:53:00', 'Madrid', '2021-12-24 08:35:00', '2021-12-24 17:52:00', 8, 12, 97, 1, 270, 90, 0),
('2021-12-24 07:53:00', 'Madrid', '2021-12-24 08:35:00', '2021-12-24 17:52:00', 8, 12, 97, 1, 270, 90, 0),
('2021-12-24 11:37:00', 'Madrid', '2021-12-24 08:35:00', '2021-12-24 17:52:00', 9, 13, 93, 1, 248, 90, 0),
('2021-12-25 13:34:00', 'Madrid', '2021-12-25 08:36:00', '2021-12-25 17:53:00', 8, 10, 94, 0, 135, 90, 0),
('2021-12-25 13:34:00', 'Madrid', '2021-12-25 08:36:00', '2021-12-25 17:53:00', 8, 10, 94, 0, 135, 90, 0),
('2021-12-25 19:28:00', 'Madrid', '2021-12-25 08:36:00', '2021-12-25 17:53:00', 8, 11, 95, 2, 45, 90, 0),
('2021-12-25 19:28:00', 'Madrid', '2021-12-25 08:36:00', '2021-12-25 17:53:00', 8, 11, 95, 2, 45, 90, 0),
('2021-12-25 19:55:00', 'Madrid', '2021-12-25 08:36:00', '2021-12-25 17:53:00', 8, 12, 96, 1, 23, 90, 0),
('2021-12-26 00:08:00', 'Madrid', '2021-12-26 08:36:00', '2021-12-26 17:54:00', 7, 12, 96, 0, 0, 40, 0),
('2021-12-26 16:30:00', 'Madrid', '2021-12-26 08:36:00', '2021-12-26 17:54:00', 9, 11, 95, 4, 180, 90, 0),
('2021-12-26 17:09:00', 'Madrid', '2021-12-26 08:36:00', '2021-12-26 17:54:00', 9, 10, 95, 3, 203, 90, 0),
('2021-12-26 17:11:00', 'Madrid', '2021-12-26 08:36:00', '2021-12-26 17:54:00', 9, 10, 95, 3, 203, 90, 0),
('2021-12-26 18:54:00', 'Madrid', '2021-12-26 08:36:00', '2021-12-26 17:54:00', 9, 11, 97, 1, 203, 90, 0),
('2021-12-27 10:47:00', 'Madrid', '2021-12-27 08:36:00', '2021-12-27 17:54:00', 10, 13, 89, 4, 225, 40, 0),
('2021-12-28 22:31:00', 'Madrid', '2021-12-28 08:37:00', '2021-12-28 17:55:00', 7, 12, 91, 3, 270, 0, 0),
('2021-12-29 00:47:00', 'Madrid', '2021-12-29 08:37:00', '2021-12-29 17:56:00', 5, 11, 94, 2, 310, 0, 0),
('2021-12-29 00:47:00', 'Madrid', '2021-12-29 08:37:00', '2021-12-29 17:56:00', 5, 11, 94, 2, 310, 0, 0),
('2021-12-29 11:28:00', 'Madrid', '2021-12-29 08:37:00', '2021-12-29 17:56:00', 7, 10, 88, 2, 23, 90, 0),
('2021-12-29 17:19:00', 'Madrid', '2021-12-29 08:37:00', '2021-12-29 17:56:00', 11, 15, 75, 1, 225, 0, 0),
('2021-12-29 00:00:00', 'Madrid', '2021-12-29 08:37:00', '2021-12-29 17:56:00', 5, 11, 90, 1, 270, 9, 0),
('2021-12-29 00:00:00', 'Madrid', '2021-12-29 08:37:00', '2021-12-29 17:56:00', 5, 11, 90, 1, 270, 9, 0),
('2021-12-29 00:00:00', 'Madrid', '2021-12-29 08:37:00', '2021-12-29 17:56:00', 5, 11, 90, 0, 195, 9, 0),
('2021-12-29 00:00:00', 'Madrid', '2021-12-29 08:37:00', '2021-12-29 17:56:00', 5, 11, 90, 0, 195, 9, 0),
('2021-12-29 00:00:00', 'Madrid', '2021-12-29 08:37:00', '2021-12-29 17:56:00', 5, 11, 90, 0, 195, 9, 0),
('2021-12-29 00:00:00', 'Madrid', '2021-12-29 08:37:00', '2021-12-29 17:56:00', 5, 11, 90, 0, 195, 9, 0),
('2021-12-29 00:00:00', 'Madrid', '2021-12-29 08:37:00', '2021-12-29 17:56:00', 5, 11, 90, 0, 195, 9, 0),
('2021-12-29 00:00:00', 'Madrid', '2021-12-29 08:37:00', '2021-12-29 17:56:00', 5, 11, 90, 0, 195, 9, 0),
('2021-12-29 00:00:00', 'Madrid', '2021-12-29 08:37:00', '2021-12-29 17:56:00', 5, 11, 90, 1, 270, 8, 0),
('2021-12-29 00:00:00', 'Madrid', '2021-12-29 08:37:00', '2021-12-29 17:56:00', 5, 11, 90, 1, 270, 8, 0),
('2021-12-30 00:00:00', 'Madrid', '2021-12-30 08:37:00', '2021-12-30 17:56:00', 4, 13, 86, 0, 90, 0, 0),
('2021-12-30 11:00:00', 'Madrid', '2021-12-30 08:37:00', '2021-12-30 17:56:00', 4, 13, 86, 0, 90, 0, 0),
('2021-12-30 11:00:00', 'Madrid', '2021-12-30 08:37:00', '2021-12-30 17:56:00', 4, 13, 86, 0, 90, 0, 0),
('2021-12-30 11:01:00', 'Madrid', '2021-12-30 08:37:00', '2021-12-30 17:56:00', 4, 13, 86, 0, 90, 0, 0),
('2021-12-30 00:00:00', 'Madrid', '2021-12-30 08:37:00', '2021-12-30 17:56:00', 6, 13, 85, 2, 42, 0, 0),
('2021-12-30 00:00:00', 'Madrid', '2021-12-30 08:37:00', '2021-12-30 17:56:00', 6, 13, 85, 2, 42, 0, 0),
('2021-12-30 00:00:00', 'Madrid', '2021-12-30 08:37:00', '2021-12-30 17:56:00', 6, 13, 85, 2, 42, 0, 0),
('2021-12-30 00:00:00', 'Madrid', '2021-12-30 08:37:00', '2021-12-30 17:56:00', 6, 13, 85, 2, 42, 0, 0),
('2021-12-30 00:00:00', 'Madrid', '2021-12-30 08:37:00', '2021-12-30 17:56:00', 6, 13, 85, 2, 42, 0, 0),
('2021-12-30 00:00:00', 'Madrid', '2021-12-30 08:37:00', '2021-12-30 17:56:00', 6, 13, 85, 2, 42, 0, 0),
('2021-12-30 00:00:00', 'Madrid', '2021-12-30 08:37:00', '2021-12-30 17:56:00', 5, 13, 85, 1, 54, 0, 0),
('2021-12-30 00:00:00', 'Madrid', '2021-12-30 08:37:00', '2021-12-30 17:56:00', 5, 13, 85, 1, 54, 0, 0),
('2021-12-30 00:00:00', 'Madrid', '2021-12-30 08:37:00', '2021-12-30 17:56:00', 5, 13, 85, 1, 54, 0, 0),
('2021-12-30 00:00:00', 'Madrid', '2021-12-30 08:37:00', '2021-12-30 17:56:00', 12, 17, 75, 1, 62, 0, 0),
('2021-12-30 00:00:00', 'Madrid', '2021-12-30 08:37:00', '2021-12-30 17:56:00', 8, 13, 82, 1, 33, 0, 0),
('2021-12-30 00:00:00', 'Madrid', '2021-12-30 08:37:00', '2021-12-30 17:56:00', 8, 13, 82, 1, 33, 0, 0),
('2021-12-30 00:00:00', 'Madrid', '2021-12-30 08:37:00', '2021-12-30 17:56:00', 6, 13, 82, 1, 18, 0, 0),
('2021-12-30 00:00:00', 'Madrid', '2021-12-30 08:37:00', '2021-12-30 17:56:00', 6, 13, 82, 1, 18, 0, 0),
('2021-12-31 00:00:00', 'Madrid', '2021-12-31 08:37:00', '2021-12-31 17:57:00', 13, 17, 60, 1, 192, 0, 0),
('2021-12-31 00:00:00', 'Madrid', '2021-12-31 08:37:00', '2021-12-31 17:57:00', 13, 17, 60, 1, 192, 0, 0),
('2021-12-31 00:00:00', 'Madrid', '2021-12-31 08:37:00', '2021-12-31 17:57:00', 13, 17, 60, 1, 192, 0, 0),
('2021-12-31 00:00:00', 'Madrid', '2021-12-31 08:37:00', '2021-12-31 17:57:00', 13, 17, 60, 1, 192, 0, 0),
('2021-12-31 00:00:00', 'Madrid', '2021-12-31 08:37:00', '2021-12-31 17:57:00', 13, 17, 60, 1, 192, 0, 0),
('2021-12-31 00:00:00', 'Madrid', '2021-12-31 08:37:00', '2021-12-31 17:57:00', 13, 17, 60, 1, 192, 0, 0),
('2022-01-01 00:00:00', 'Madrid', '2022-01-01 08:37:00', '2022-01-01 17:58:00', 9, 15, 56, 0, 0, 0, 0),
('2022-01-01 00:00:00', 'Madrid', '2022-01-01 08:37:00', '2022-01-01 17:58:00', 8, 15, 58, 1, 320, 0, 0),
('2022-01-01 00:00:00', 'Madrid', '2022-01-01 08:37:00', '2022-01-01 17:58:00', 8, 15, 58, 1, 320, 0, 0),
('2022-01-02 00:00:00', 'Madrid', '2022-01-02 08:37:00', '2022-01-02 17:59:00', 8, 14, 71, 0, 96, 0, 0),
('2022-01-02 00:00:00', 'Madrid', '2022-01-02 08:37:00', '2022-01-02 17:59:00', 8, 14, 71, 0, 96, 0, 0),
('2022-01-02 00:00:00', 'Madrid', '2022-01-02 08:37:00', '2022-01-02 17:59:00', 8, 14, 71, 0, 96, 0, 0),
('2022-01-03 00:00:00', 'Madrid', '2022-01-03 08:38:00', '2022-01-03 18:00:00', 8, 14, 73, 1, 225, 0, 0),
('2022-01-03 00:00:00', 'Madrid', '2022-01-03 08:38:00', '2022-01-03 18:00:00', 8, 14, 73, 1, 225, 0, 0),
('2022-01-03 00:00:00', 'Madrid', '2022-01-03 08:38:00', '2022-01-03 18:00:00', 8, 14, 73, 1, 225, 0, 0),
('2022-01-04 00:00:00', 'Madrid', '2022-01-04 08:38:00', '2022-01-04 18:00:00', 3, 11, 86, 1, 232, 65, 0),
('2022-01-04 00:00:00', 'Madrid', '2022-01-04 08:38:00', '2022-01-04 18:00:00', 3, 11, 86, 1, 232, 65, 0),
('2022-01-04 00:00:00', 'Madrid', '2022-01-04 08:38:00', '2022-01-04 18:00:00', 3, 11, 86, 1, 232, 65, 0),
('2022-01-04 00:00:00', 'Madrid', '2022-01-04 08:38:00', '2022-01-04 18:00:00', 3, 11, 86, 1, 232, 65, 0),
('2022-01-04 00:00:00', 'Madrid', '2022-01-04 08:38:00', '2022-01-04 18:00:00', 3, 11, 86, 1, 232, 65, 0),
('2022-01-04 00:00:00', 'Madrid', '2022-01-04 08:38:00', '2022-01-04 18:00:00', 6, 10, 86, 8, 248, 40, 0),
('2022-01-04 00:00:00', 'Madrid', '2022-01-04 08:38:00', '2022-01-04 18:00:00', 6, 10, 86, 8, 248, 40, 0),
('2022-01-04 00:00:00', 'Madrid', '2022-01-04 08:38:00', '2022-01-04 18:00:00', 6, 10, 86, 8, 248, 40, 0),
('2022-01-04 00:00:00', 'Madrid', '2022-01-04 08:38:00', '2022-01-04 18:00:00', 6, 10, 86, 8, 248, 40, 0),
('2022-01-04 00:00:00', 'Madrid', '2022-01-04 08:38:00', '2022-01-04 18:00:00', 6, 10, 78, 11, 270, 20, 0),
('2022-01-04 00:00:00', 'Madrid', '2022-01-04 08:38:00', '2022-01-04 18:00:00', 6, 10, 78, 11, 270, 20, 0),
('2022-01-05 00:00:00', 'Madrid', '2022-01-05 08:38:00', '2022-01-05 18:01:00', 5, 10, 67, 5, 293, 40, 0),
('2022-01-05 00:00:00', 'Madrid', '2022-01-05 08:38:00', '2022-01-05 18:01:00', 5, 10, 67, 5, 293, 40, 0),
('2022-01-05 00:00:00', 'Madrid', '2022-01-05 08:38:00', '2022-01-05 18:01:00', 5, 9, 65, 3, 338, 40, 0),
('2022-01-05 00:00:00', 'Madrid', '2022-01-05 08:38:00', '2022-01-05 18:01:00', 5, 9, 65, 3, 338, 40, 0),
('2022-01-06 00:00:00', 'Madrid', '2022-01-06 08:37:00', '2022-01-06 18:02:00', 0, 5, 87, 1, 163, 0, 0),
('2022-01-06 00:00:00', 'Madrid', '2022-01-06 08:37:00', '2022-01-06 18:02:00', 0, 5, 87, 1, 163, 0, 0),
('2022-01-06 00:00:00', 'Madrid', '2022-01-06 08:37:00', '2022-01-06 18:02:00', 1, 6, 82, 2, 203, 20, 0),
('2022-01-06 00:00:00', 'Madrid', '2022-01-06 08:37:00', '2022-01-06 18:02:00', 1, 6, 82, 2, 203, 20, 0),
('2022-01-06 00:00:00', 'Madrid', '2022-01-06 08:37:00', '2022-01-06 18:02:00', -1, 7, 80, 1, 45, 0, 0),
('2022-01-07 00:00:00', 'Madrid', '2022-01-07 08:37:00', '2022-01-07 18:03:00', 8, 11, 61, 3, 68, 20, 0),
('2022-01-07 00:00:00', 'Madrid', '2022-01-07 08:37:00', '2022-01-07 18:03:00', 8, 11, 61, 3, 68, 20, 0),
('2022-01-07 00:00:00', 'Madrid', '2022-01-07 08:37:00', '2022-01-07 18:03:00', 8, 11, 59, 2, 90, 20, 0),
('2022-01-07 16:35:00', 'Madrid', '2022-01-07 08:37:00', '2022-01-07 18:03:00', 5, 11, 58, 2, 68, 20, 0),
('2022-01-07 21:13:00', 'Madrid', '2022-01-07 08:37:00', '2022-01-07 18:03:00', 2, 8, 71, 1, 21, 0, 0),
('2022-01-07 21:13:00', 'Madrid', '2022-01-07 08:37:00', '2022-01-07 18:03:00', 2, 8, 71, 1, 21, 0, 0),
('2022-01-07 21:27:00', 'Madrid', '2022-01-07 08:37:00', '2022-01-07 18:03:00', 3, 8, 72, 1, 0, 0, 0),
('2022-01-07 21:31:00', 'Madrid', '2022-01-07 08:37:00', '2022-01-07 18:03:00', 3, 8, 72, 1, 0, 0, 0),
('2022-01-07 21:34:00', 'Madrid', '2022-01-07 08:37:00', '2022-01-07 18:03:00', 3, 8, 72, 1, 0, 0, 0),
('2022-01-08 00:06:00', 'Madrid', '2022-01-08 08:37:00', '2022-01-08 18:04:00', 0, 6, 83, 0, 41, 0, 0),
('2022-01-08 07:04:00', 'Madrid', '2022-01-08 08:37:00', '2022-01-08 18:04:00', -4, 3, 89, 0, 0, 0, 0),
('2022-01-08 07:04:00', 'Madrid', '2022-01-08 08:37:00', '2022-01-08 18:04:00', -4, 3, 89, 0, 0, 0, 0),
('2022-01-08 07:05:00', 'Madrid', '2022-01-08 08:37:00', '2022-01-08 18:04:00', -4, 3, 89, 0, 0, 0, 0),
('2022-01-08 08:13:00', 'Madrid', '2022-01-08 08:37:00', '2022-01-08 18:04:00', -4, 4, 90, 1, 0, 0, 0),
('2022-01-08 13:37:00', 'Madrid', '2022-01-08 08:37:00', '2022-01-08 18:04:00', 2, 9, 78, 1, 217, 0, 0),
('2022-01-08 13:37:00', 'Madrid', '2022-01-08 08:37:00', '2022-01-08 18:04:00', 2, 9, 78, 1, 217, 0, 0),
('2022-01-08 22:38:00', 'Madrid', '2022-01-08 08:37:00', '2022-01-08 18:04:00', -2, 7, 74, 1, 248, 0, 0),
('2022-01-08 22:38:00', 'Madrid', '2022-01-08 08:37:00', '2022-01-08 18:04:00', -2, 7, 74, 1, 248, 0, 0),
('2022-01-08 23:21:00', 'Madrid', '2022-01-08 08:37:00', '2022-01-08 18:04:00', -3, 7, 67, 4, 270, 0, 0),
('2022-01-09 16:49:00', 'Madrid', '2022-01-09 08:37:00', '2022-01-09 18:05:00', 11, 14, 62, 9, 270, 75, 0),
('2022-01-09 16:50:00', 'Madrid', '2022-01-09 08:37:00', '2022-01-09 18:05:00', 11, 14, 62, 9, 270, 75, 0),
('2022-01-10 11:09:00', 'Madrid', '2022-01-10 08:37:00', '2022-01-10 18:06:00', 7, 14, 81, 0, 338, 0, 0),
('2022-01-10 11:23:00', 'Madrid', '2022-01-10 08:37:00', '2022-01-10 18:06:00', 8, 14, 80, 1, 23, 0, 0),
('2022-01-10 17:36:00', 'Madrid', '2022-01-10 08:37:00', '2022-01-10 18:06:00', 11, 15, 58, 3, 45, 0, 0),
('2022-01-10 21:19:00', 'Madrid', '2022-01-10 08:37:00', '2022-01-10 18:06:00', 8, 13, 65, 4, 16, 0, 0),
('2022-01-10 21:20:00', 'Madrid', '2022-01-10 08:37:00', '2022-01-10 18:06:00', 8, 13, 65, 4, 16, 0, 0),
('2022-01-10 22:00:00', 'Madrid', '2022-01-10 08:37:00', '2022-01-10 18:06:00', 7, 12, 67, 3, 29, 0, 0),
('2022-01-10 23:33:00', 'Madrid', '2022-01-10 08:37:00', '2022-01-10 18:06:00', 6, 12, 69, 4, 32, 0, 0),
('2022-01-10 23:33:00', 'Madrid', '2022-01-10 08:37:00', '2022-01-10 18:06:00', 6, 12, 69, 4, 32, 0, 0),
('2022-01-10 23:42:00', 'Madrid', '2022-01-10 08:37:00', '2022-01-10 18:06:00', 6, 12, 68, 1, 0, 0, 0),
('2022-01-10 00:00:00', 'Madrid', '2022-01-10 08:37:00', '2022-01-10 18:06:00', 6, 12, 68, 1, 0, 0, 0),
('2022-01-10 00:00:00', 'Madrid', '2022-01-10 08:37:00', '2022-01-10 18:06:00', 6, 12, 68, 1, 0, 0, 0),
('2022-01-10 23:44:00', 'Madrid', '2022-01-10 08:37:00', '2022-01-10 18:06:00', 6, 12, 68, 1, 0, 0, 0),
('2022-01-10 23:52:00', 'Madrid', '2022-01-10 08:37:00', '2022-01-10 18:06:00', 6, 11, 71, 2, 0, 0, 0),
('2022-01-11 07:46:00', 'Madrid', '2022-01-11 08:37:00', '2022-01-11 18:07:00', 1, 9, 85, 1, 20, 0, 0),
('2022-01-11 12:11:00', 'Madrid', '2022-01-11 08:37:00', '2022-01-11 18:07:00', 9, 13, 71, 1, 270, 0, 0),
('2022-01-11 12:14:00', 'Madrid', '2022-01-11 08:37:00', '2022-01-11 18:07:00', 9, 13, 71, 1, 270, 0, 0),
('2022-01-11 00:00:00', 'Madrid', '2022-01-11 08:37:00', '2022-01-11 18:07:00', 9, 13, 71, 1, 270, 0, 0),
('2022-01-11 00:00:00', 'Madrid', '2022-01-11 08:37:00', '2022-01-11 18:07:00', 9, 13, 70, 1, 270, 0, 0),
('2022-01-11 00:00:00', 'Madrid', '2022-01-11 08:37:00', '2022-01-11 18:07:00', 9, 13, 70, 1, 270, 0, 0),
('2022-01-11 12:18:00', 'Madrid', '2022-01-11 08:37:00', '2022-01-11 18:07:00', 9, 13, 70, 1, 270, 0, 0),
('2022-01-11 20:21:00', 'Madrid', '2022-01-11 08:37:00', '2022-01-11 18:07:00', 7, 13, 65, 4, 68, 20, 0),
('2022-01-12 09:15:00', 'Madrid', '2022-01-12 08:36:00', '2022-01-12 18:08:00', 0, 7, 85, 1, 45, 0, 0),
('2022-01-12 09:15:00', 'Madrid', '2022-01-12 08:36:00', '2022-01-12 18:08:00', 0, 7, 85, 1, 45, 0, 0),
('2022-01-12 21:02:00', 'Madrid', '2022-01-12 08:36:00', '2022-01-12 18:08:00', 1, 8, 55, 0, 0, 0, 0),
('2022-01-12 21:02:00', 'Madrid', '2022-01-12 08:36:00', '2022-01-12 18:08:00', 1, 8, 55, 0, 0, 0, 0),
('2022-01-12 21:28:00', 'Madrid', '2022-01-12 08:36:00', '2022-01-12 18:08:00', 2, 8, 56, 1, 0, 0, 0),
('2022-01-13 07:59:00', 'Madrid', '2022-01-13 08:36:00', '2022-01-13 18:09:00', -3, 4, 65, 2, 23, 0, 0),
('2022-01-14 10:41:00', 'Madrid', '2022-01-14 08:36:00', '2022-01-14 18:10:00', -2, 6, 73, 0, 90, 0, 0),
('2022-01-14 12:07:00', 'Madrid', '2022-01-14 08:36:00', '2022-01-14 18:10:00', 1, 7, 64, 1, 90, 0, 0),
('2022-01-15 10:06:00', 'Madrid', '2022-01-15 08:35:00', '2022-01-15 18:12:00', -4, 5, 68, 1, 46, 0, 0),
('2022-01-15 10:18:00', 'Madrid', '2022-01-15 08:35:00', '2022-01-15 18:12:00', -3, 5, 66, 1, 26, 0, 0),
('2022-01-15 16:38:00', 'Madrid', '2022-01-15 08:35:00', '2022-01-15 18:12:00', 6, 10, 54, 2, 222, 0, 0),
('2022-01-15 19:20:00', 'Madrid', '2022-01-15 08:35:00', '2022-01-15 18:12:00', 2, 7, 67, 0, 248, 0, 0),
('2022-01-16 10:23:00', 'Madrid', '2022-01-16 08:35:00', '2022-01-16 18:13:00', -4, 5, 78, 1, 56, 0, 0),
('2022-01-16 10:25:00', 'Madrid', '2022-01-16 08:35:00', '2022-01-16 18:13:00', -2, 5, 75, 1, 41, 0, 0),
('2022-01-16 15:43:00', 'Madrid', '2022-01-16 08:35:00', '2022-01-16 18:13:00', 6, 11, 52, 1, 170, 0, 0),
('2022-01-16 18:15:00', 'Madrid', '2022-01-16 08:35:00', '2022-01-16 18:13:00', 4, 9, 57, 0, 135, 0, 0),
('2022-01-16 18:17:00', 'Madrid', '2022-01-16 08:35:00', '2022-01-16 18:13:00', 3, 9, 60, 1, 205, 0, 0),
('2022-01-16 18:18:00', 'Madrid', '2022-01-16 08:35:00', '2022-01-16 18:13:00', 3, 9, 60, 1, 205, 0, 0),
('2022-01-16 18:19:00', 'Madrid', '2022-01-16 08:35:00', '2022-01-16 18:13:00', 3, 9, 60, 1, 205, 0, 0),
('2022-01-16 18:21:00', 'Madrid', '2022-01-16 08:35:00', '2022-01-16 18:13:00', 3, 9, 60, 1, 205, 0, 0),
('2022-01-16 18:21:00', 'Madrid', '2022-01-16 08:35:00', '2022-01-16 18:13:00', 3, 9, 60, 1, 205, 0, 0),
('2022-01-16 18:22:00', 'Madrid', '2022-01-16 08:35:00', '2022-01-16 18:13:00', 3, 9, 60, 1, 205, 0, 0),
('2022-01-16 18:33:00', 'Madrid', '2022-01-16 08:35:00', '2022-01-16 18:13:00', 3, 9, 61, 1, 197, 0, 0),
('2022-01-16 19:13:00', 'Madrid', '2022-01-16 08:35:00', '2022-01-16 18:13:00', 2, 8, 64, 0, 180, 0, 0),
('2022-01-16 19:14:00', 'Madrid', '2022-01-16 08:35:00', '2022-01-16 18:13:00', 2, 8, 64, 0, 180, 0, 0),
('2022-01-16 19:15:00', 'Madrid', '2022-01-16 08:35:00', '2022-01-16 18:13:00', 2, 8, 64, 0, 180, 0, 0),
('2022-01-16 19:16:00', 'Madrid', '2022-01-16 08:35:00', '2022-01-16 18:13:00', 2, 8, 64, 0, 180, 0, 0),
('2022-01-16 19:16:00', 'Madrid', '2022-01-16 08:35:00', '2022-01-16 18:13:00', 2, 8, 64, 0, 180, 0, 0),
('2022-01-16 19:16:00', 'Madrid', '2022-01-16 08:35:00', '2022-01-16 18:13:00', 2, 8, 64, 0, 180, 0, 0),
('2022-01-16 19:17:00', 'Madrid', '2022-01-16 08:35:00', '2022-01-16 18:13:00', 2, 8, 64, 0, 180, 0, 0),
('2022-01-16 19:18:00', 'Madrid', '2022-01-16 08:35:00', '2022-01-16 18:13:00', 2, 8, 64, 0, 180, 0, 0),
('2022-01-16 19:20:00', 'Madrid', '2022-01-16 08:35:00', '2022-01-16 18:13:00', 2, 8, 64, 0, 180, 0, 0),
('2022-01-16 19:27:00', 'Madrid', '2022-01-16 08:35:00', '2022-01-16 18:13:00', 2, 8, 65, 1, 181, 0, 0),
('2022-01-16 19:27:00', 'Madrid', '2022-01-16 08:35:00', '2022-01-16 18:13:00', 2, 8, 65, 1, 181, 0, 0),
('2022-01-16 19:28:00', 'Madrid', '2022-01-16 08:35:00', '2022-01-16 18:13:00', 2, 8, 65, 1, 181, 0, 0),
('2022-01-16 19:28:00', 'Madrid', '2022-01-16 08:35:00', '2022-01-16 18:13:00', 2, 8, 65, 1, 181, 0, 0),
('2022-01-16 19:31:00', 'Madrid', '2022-01-16 08:35:00', '2022-01-16 18:13:00', 2, 8, 65, 0, 202, 0, 0),
('2022-01-16 19:32:00', 'Madrid', '2022-01-16 08:35:00', '2022-01-16 18:13:00', 2, 8, 65, 0, 202, 0, 0),
('2022-01-16 19:33:00', 'Madrid', '2022-01-16 08:35:00', '2022-01-16 18:13:00', 2, 8, 65, 0, 202, 0, 0),
('2022-01-16 19:33:00', 'Madrid', '2022-01-16 08:35:00', '2022-01-16 18:13:00', 2, 8, 65, 0, 202, 0, 0),
('2022-01-16 19:34:00', 'Madrid', '2022-01-16 08:35:00', '2022-01-16 18:13:00', 2, 8, 65, 0, 202, 0, 0),
('2022-01-16 19:36:00', 'Madrid', '2022-01-16 08:35:00', '2022-01-16 18:13:00', 2, 8, 65, 0, 202, 0, 0),
('2022-01-16 19:37:00', 'Madrid', '2022-01-16 08:35:00', '2022-01-16 18:13:00', 2, 8, 65, 0, 202, 0, 0),
('2022-01-16 19:37:00', 'Madrid', '2022-01-16 08:35:00', '2022-01-16 18:13:00', 2, 8, 65, 0, 202, 0, 0),
('2022-01-16 19:39:00', 'Madrid', '2022-01-16 08:35:00', '2022-01-16 18:13:00', 2, 8, 65, 0, 202, 0, 0),
('2022-01-16 19:40:00', 'Madrid', '2022-01-16 08:35:00', '2022-01-16 18:13:00', 2, 8, 65, 0, 202, 0, 0),
('2022-01-16 19:41:00', 'Madrid', '2022-01-16 08:35:00', '2022-01-16 18:13:00', 2, 8, 65, 0, 202, 0, 0),
('2022-01-16 19:42:00', 'Madrid', '2022-01-16 08:35:00', '2022-01-16 18:13:00', 2, 8, 67, 0, 202, 0, 0),
('2022-01-16 19:43:00', 'Madrid', '2022-01-16 08:35:00', '2022-01-16 18:13:00', 2, 8, 67, 0, 202, 0, 0),
('2022-01-16 19:49:00', 'Madrid', '2022-01-16 08:35:00', '2022-01-16 18:13:00', 2, 8, 67, 0, 202, 0, 0),
('2022-01-16 19:49:00', 'Madrid', '2022-01-16 08:35:00', '2022-01-16 18:13:00', 2, 8, 67, 0, 202, 0, 0),
('2022-01-16 19:51:00', 'Madrid', '2022-01-16 08:35:00', '2022-01-16 18:13:00', 2, 8, 67, 0, 202, 0, 0),
('2022-01-16 20:03:00', 'Madrid', '2022-01-16 08:35:00', '2022-01-16 18:13:00', 2, 8, 68, 0, 202, 0, 0),
('2022-01-16 20:04:00', 'Madrid', '2022-01-16 08:35:00', '2022-01-16 18:13:00', 2, 8, 68, 0, 202, 0, 0),
('2022-01-16 21:10:00', 'Madrid', '2022-01-16 08:35:00', '2022-01-16 18:13:00', -1, 8, 72, 1, 227, 0, 0),
('2022-01-16 21:19:00', 'Madrid', '2022-01-16 08:35:00', '2022-01-16 18:13:00', -1, 8, 72, 1, 227, 0, 0),
('2022-01-16 21:20:00', 'Madrid', '2022-01-16 08:35:00', '2022-01-16 18:13:00', -1, 8, 72, 1, 227, 0, 0),
('2022-01-16 21:22:00', 'Madrid', '2022-01-16 08:35:00', '2022-01-16 18:13:00', 1, 7, 73, 1, 247, 0, 0),
('2022-01-16 21:23:00', 'Madrid', '2022-01-16 08:35:00', '2022-01-16 18:13:00', 1, 7, 73, 1, 247, 0, 0),
('2022-01-16 21:24:00', 'Madrid', '2022-01-16 08:35:00', '2022-01-16 18:13:00', 1, 7, 73, 1, 247, 0, 0),
('2022-01-16 21:25:00', 'Madrid', '2022-01-16 08:35:00', '2022-01-16 18:13:00', 1, 7, 73, 1, 247, 0, 0),
('2022-01-16 21:26:00', 'Madrid', '2022-01-16 08:35:00', '2022-01-16 18:13:00', 1, 7, 73, 1, 247, 0, 0),
('2022-01-16 21:26:00', 'Madrid', '2022-01-16 08:35:00', '2022-01-16 18:13:00', 1, 7, 73, 1, 247, 0, 0),
('2022-01-16 21:26:00', 'Madrid', '2022-01-16 08:35:00', '2022-01-16 18:13:00', 1, 7, 73, 1, 247, 0, 0),
('2022-01-16 21:29:00', 'Madrid', '2022-01-16 08:35:00', '2022-01-16 18:13:00', 1, 7, 73, 1, 247, 0, 0),
('2022-01-16 21:29:00', 'Madrid', '2022-01-16 08:35:00', '2022-01-16 18:13:00', 1, 7, 73, 1, 247, 0, 0),
('2022-01-16 21:31:00', 'Madrid', '2022-01-16 08:35:00', '2022-01-16 18:13:00', 1, 7, 73, 1, 247, 0, 0),
('2022-01-16 21:35:00', 'Madrid', '2022-01-16 08:35:00', '2022-01-16 18:13:00', 1, 7, 74, 0, 257, 0, 0),
('2022-01-16 21:37:00', 'Madrid', '2022-01-16 08:35:00', '2022-01-16 18:13:00', 1, 7, 74, 0, 257, 0, 0),
('2022-01-16 21:37:00', 'Madrid', '2022-01-16 08:35:00', '2022-01-16 18:13:00', 1, 7, 74, 0, 257, 0, 0),
('2022-01-16 21:38:00', 'Madrid', '2022-01-16 08:35:00', '2022-01-16 18:13:00', 1, 7, 74, 0, 257, 0, 0),
('2022-01-16 21:41:00', 'Madrid', '2022-01-16 08:35:00', '2022-01-16 18:13:00', 1, 7, 74, 0, 257, 0, 0),
('2022-01-16 21:42:00', 'Madrid', '2022-01-16 08:35:00', '2022-01-16 18:13:00', 1, 7, 74, 0, 257, 0, 0),
('2022-01-16 21:43:00', 'Madrid', '2022-01-16 08:35:00', '2022-01-16 18:13:00', 1, 7, 74, 0, 257, 0, 0),
('2022-01-16 21:43:00', 'Madrid', '2022-01-16 08:35:00', '2022-01-16 18:13:00', 1, 7, 74, 0, 257, 0, 0),
('2022-01-16 21:44:00', 'Madrid', '2022-01-16 08:35:00', '2022-01-16 18:13:00', 1, 7, 74, 0, 257, 0, 0),
('2022-01-16 21:59:00', 'Madrid', '2022-01-16 08:35:00', '2022-01-16 18:13:00', 0, 7, 75, 1, 315, 0, 0),
('2022-01-16 22:00:00', 'Madrid', '2022-01-16 08:35:00', '2022-01-16 18:13:00', 0, 7, 75, 1, 315, 0, 0),
('2022-01-16 22:00:00', 'Madrid', '2022-01-16 08:35:00', '2022-01-16 18:13:00', 0, 7, 75, 1, 315, 0, 0),
('2022-01-16 22:01:00', 'Madrid', '2022-01-16 08:35:00', '2022-01-16 18:13:00', 0, 7, 75, 1, 315, 0, 0),
('2022-01-16 22:01:00', 'Madrid', '2022-01-16 08:35:00', '2022-01-16 18:13:00', 0, 7, 75, 1, 315, 0, 0),
('2022-01-16 22:05:00', 'Madrid', '2022-01-16 08:35:00', '2022-01-16 18:13:00', 0, 7, 75, 1, 315, 0, 0),
('2022-01-16 22:07:00', 'Madrid', '2022-01-16 08:35:00', '2022-01-16 18:13:00', 0, 7, 75, 1, 315, 0, 0),
('2022-01-16 22:08:00', 'Madrid', '2022-01-16 08:35:00', '2022-01-16 18:13:00', 0, 7, 75, 1, 315, 0, 0),
('2022-01-16 22:08:00', 'Madrid', '2022-01-16 08:35:00', '2022-01-16 18:13:00', 0, 7, 75, 1, 315, 0, 0),
('2022-01-16 22:12:00', 'Madrid', '2022-01-16 08:35:00', '2022-01-16 18:13:00', 0, 7, 74, 1, 280, 0, 0),
('2022-01-16 22:13:00', 'Madrid', '2022-01-16 08:35:00', '2022-01-16 18:13:00', 0, 7, 74, 1, 280, 0, 0),
('2022-01-16 22:13:00', 'Madrid', '2022-01-16 08:35:00', '2022-01-16 18:13:00', 0, 7, 74, 1, 280, 0, 0),
('2022-01-17 06:52:00', 'Madrid', '2022-01-17 08:35:00', '2022-01-17 18:14:00', -4, 4, 78, 1, 30, 0, 0),
('2022-01-17 06:57:00', 'Madrid', '2022-01-17 08:35:00', '2022-01-17 18:14:00', -4, 4, 78, 1, 30, 0, 0),
('2022-01-17 07:00:00', 'Madrid', '2022-01-17 08:35:00', '2022-01-17 18:14:00', -4, 4, 78, 1, 30, 0, 0),
('2022-01-17 07:00:00', 'Madrid', '2022-01-17 08:35:00', '2022-01-17 18:14:00', -4, 4, 78, 1, 30, 0, 0),
('2022-01-17 07:00:00', 'Madrid', '2022-01-17 08:35:00', '2022-01-17 18:14:00', -4, 4, 78, 1, 30, 0, 0),
('2022-01-17 07:05:00', 'Madrid', '2022-01-17 08:35:00', '2022-01-17 18:14:00', -4, 4, 78, 1, 34, 0, 0),
('2022-01-17 10:31:00', 'Madrid', '2022-01-17 08:35:00', '2022-01-17 18:14:00', -2, 6, 73, 2, 56, 0, 0),
('2022-01-17 10:32:00', 'Madrid', '2022-01-17 08:35:00', '2022-01-17 18:14:00', -2, 6, 73, 2, 28, 0, 0),
('2022-01-17 10:49:00', 'Madrid', '2022-01-17 08:35:00', '2022-01-17 18:14:00', 0, 7, 68, 2, 73, 0, 0),
('2022-01-17 10:54:00', 'Madrid', '2022-01-17 08:35:00', '2022-01-17 18:14:00', 0, 7, 68, 2, 73, 0, 0),
('2022-01-17 11:08:00', 'Madrid', '2022-01-17 08:35:00', '2022-01-17 18:14:00', 1, 8, 68, 1, 56, 0, 0),
('2022-01-17 11:09:00', 'Madrid', '2022-01-17 08:35:00', '2022-01-17 18:14:00', 1, 8, 68, 1, 56, 0, 0),
('2022-01-17 11:17:00', 'Madrid', '2022-01-17 08:35:00', '2022-01-17 18:14:00', 0, 9, 69, 1, 69, 0, 0),
('2022-01-17 11:22:00', 'Madrid', '2022-01-17 08:35:00', '2022-01-17 18:14:00', 1, 8, 67, 1, 29, 0, 0),
('2022-01-17 11:25:00', 'Madrid', '2022-01-17 08:35:00', '2022-01-17 18:14:00', 1, 8, 67, 1, 29, 0, 0),
('2022-01-17 11:26:00', 'Madrid', '2022-01-17 08:35:00', '2022-01-17 18:14:00', 1, 8, 67, 1, 29, 0, 0),
('2022-01-17 11:27:00', 'Madrid', '2022-01-17 08:35:00', '2022-01-17 18:14:00', 1, 8, 67, 1, 29, 0, 0),
('2022-01-17 11:27:00', 'Madrid', '2022-01-17 08:35:00', '2022-01-17 18:14:00', 1, 8, 67, 1, 29, 0, 0),
('2022-01-17 11:28:00', 'Madrid', '2022-01-17 08:35:00', '2022-01-17 18:14:00', 1, 8, 67, 1, 29, 0, 0),
('2022-01-17 11:28:00', 'Madrid', '2022-01-17 08:35:00', '2022-01-17 18:14:00', 1, 8, 67, 1, 29, 0, 0),
('2022-01-17 11:29:00', 'Madrid', '2022-01-17 08:35:00', '2022-01-17 18:14:00', 1, 8, 67, 1, 29, 0, 0),
('2022-01-17 11:31:00', 'Madrid', '2022-01-17 08:35:00', '2022-01-17 18:14:00', 1, 8, 67, 1, 29, 0, 0),
('2022-01-17 11:32:00', 'Madrid', '2022-01-17 08:35:00', '2022-01-17 18:14:00', 1, 8, 67, 1, 29, 0, 0),
('2022-01-17 11:33:00', 'Madrid', '2022-01-17 08:35:00', '2022-01-17 18:14:00', 2, 8, 64, 1, 24, 0, 0),
('2022-01-17 11:34:00', 'Madrid', '2022-01-17 08:35:00', '2022-01-17 18:14:00', 2, 8, 64, 1, 24, 0, 0),
('2022-01-17 11:34:00', 'Madrid', '2022-01-17 08:35:00', '2022-01-17 18:14:00', 2, 8, 64, 1, 24, 0, 0),
('2022-01-17 11:36:00', 'Madrid', '2022-01-17 08:35:00', '2022-01-17 18:14:00', 2, 8, 64, 1, 24, 0, 0),
('2022-01-17 11:36:00', 'Madrid', '2022-01-17 08:35:00', '2022-01-17 18:14:00', 2, 8, 64, 1, 24, 0, 0),
('2022-01-17 11:40:00', 'Madrid', '2022-01-17 08:35:00', '2022-01-17 18:14:00', 2, 8, 64, 1, 24, 0, 0),
('2022-01-17 11:49:00', 'Madrid', '2022-01-17 08:35:00', '2022-01-17 18:14:00', 3, 8, 63, 0, 90, 0, 0),
('2022-01-17 11:51:00', 'Madrid', '2022-01-17 08:35:00', '2022-01-17 18:14:00', 3, 8, 63, 0, 90, 0, 0),
('2022-01-17 11:52:00', 'Madrid', '2022-01-17 08:35:00', '2022-01-17 18:14:00', 3, 8, 63, 0, 90, 0, 0),
('2022-01-17 11:52:00', 'Madrid', '2022-01-17 08:35:00', '2022-01-17 18:14:00', 3, 8, 63, 0, 90, 0, 0),
('2022-01-17 11:55:00', 'Madrid', '2022-01-17 08:35:00', '2022-01-17 18:14:00', 3, 9, 63, 1, 50, 0, 0),
('2022-01-17 11:56:00', 'Madrid', '2022-01-17 08:35:00', '2022-01-17 18:14:00', 3, 9, 63, 1, 50, 0, 0),
('2022-01-17 11:57:00', 'Madrid', '2022-01-17 08:35:00', '2022-01-17 18:14:00', 3, 9, 63, 1, 50, 0, 0),
('2022-01-17 11:57:00', 'Madrid', '2022-01-17 08:35:00', '2022-01-17 18:14:00', 3, 9, 63, 1, 50, 0, 0),
('2022-01-17 11:58:00', 'Madrid', '2022-01-17 08:35:00', '2022-01-17 18:14:00', 3, 9, 63, 1, 50, 0, 0),
('2022-01-17 11:58:00', 'Madrid', '2022-01-17 08:35:00', '2022-01-17 18:14:00', 3, 9, 63, 1, 50, 0, 0),
('2022-01-17 11:58:00', 'Madrid', '2022-01-17 08:35:00', '2022-01-17 18:14:00', 3, 9, 63, 1, 50, 0, 0),
('2022-01-17 11:59:00', 'Madrid', '2022-01-17 08:35:00', '2022-01-17 18:14:00', 3, 9, 63, 1, 50, 0, 0),
('2022-01-17 12:00:00', 'Madrid', '2022-01-17 08:35:00', '2022-01-17 18:14:00', 3, 9, 63, 1, 50, 0, 0),
('2022-01-17 12:00:00', 'Madrid', '2022-01-17 08:35:00', '2022-01-17 18:14:00', 3, 9, 63, 1, 50, 0, 0),
('2022-01-18 10:01:00', 'Madrid', '2022-01-18 08:34:00', '2022-01-18 18:15:00', -4, 6, 69, 1, 23, 0, 0),
('2022-01-18 10:01:00', 'Madrid', '2022-01-18 08:34:00', '2022-01-18 18:15:00', -4, 6, 69, 1, 23, 0, 0),
('2022-01-18 10:11:00', 'Madrid', '2022-01-18 08:34:00', '2022-01-18 18:15:00', -3, 7, 68, 0, 45, 0, 0),
('2022-01-18 10:18:00', 'Madrid', '2022-01-18 08:34:00', '2022-01-18 18:15:00', -3, 7, 68, 0, 45, 0, 0),
('2022-01-18 10:19:00', 'Madrid', '2022-01-18 08:34:00', '2022-01-18 18:15:00', -3, 7, 68, 0, 45, 0, 0),
('2022-01-18 10:21:00', 'Madrid', '2022-01-18 08:34:00', '2022-01-18 18:15:00', -3, 7, 68, 0, 45, 0, 0),
('2022-01-18 10:37:00', 'Madrid', '2022-01-18 08:34:00', '2022-01-18 18:15:00', -2, 8, 66, 0, 0, 0, 0),
('2022-01-18 10:42:00', 'Madrid', '2022-01-18 08:34:00', '2022-01-18 18:15:00', -1, 8, 66, 1, 36, 0, 0),
('2022-01-18 10:49:00', 'Madrid', '2022-01-18 08:34:00', '2022-01-18 18:15:00', 0, 8, 63, 0, 23, 0, 0),
('2022-01-18 10:50:00', 'Madrid', '2022-01-18 08:34:00', '2022-01-18 18:15:00', 0, 8, 63, 0, 23, 0, 0),
('2022-01-18 10:51:00', 'Madrid', '2022-01-18 08:34:00', '2022-01-18 18:15:00', 0, 8, 63, 0, 23, 0, 0),
('2022-01-18 10:57:00', 'Madrid', '2022-01-18 08:34:00', '2022-01-18 18:15:00', 0, 9, 62, 1, 53, 0, 0),
('2022-01-18 10:57:00', 'Madrid', '2022-01-18 08:34:00', '2022-01-18 18:15:00', 0, 9, 62, 1, 53, 0, 0),
('2022-01-18 16:48:00', 'Madrid', '2022-01-18 08:34:00', '2022-01-18 18:15:00', 9, 13, 30, 1, 23, 0, 0),
('2022-01-18 16:48:00', 'Madrid', '2022-01-18 08:34:00', '2022-01-18 18:15:00', 9, 13, 30, 1, 23, 0, 0),
('2022-01-18 16:49:00', 'Madrid', '2022-01-18 08:34:00', '2022-01-18 18:15:00', 9, 13, 30, 1, 23, 0, 0),
('2022-01-18 16:49:00', 'Madrid', '2022-01-18 08:34:00', '2022-01-18 18:15:00', 9, 13, 30, 1, 23, 0, 0),
('2022-01-18 16:50:00', 'Madrid', '2022-01-18 08:34:00', '2022-01-18 18:15:00', 9, 13, 30, 1, 23, 0, 0),
('2022-01-18 16:53:00', 'Madrid', '2022-01-18 08:34:00', '2022-01-18 18:15:00', 9, 13, 29, 0, 45, 0, 0),
('2022-01-18 16:54:00', 'Madrid', '2022-01-18 08:34:00', '2022-01-18 18:15:00', 9, 13, 29, 0, 45, 0, 0),
('2022-01-18 16:57:00', 'Madrid', '2022-01-18 08:34:00', '2022-01-18 18:15:00', 9, 13, 29, 0, 45, 0, 0),
('2022-01-18 16:57:00', 'Madrid', '2022-01-18 08:34:00', '2022-01-18 18:15:00', 9, 13, 29, 0, 45, 0, 0),
('2022-01-18 16:58:00', 'Madrid', '2022-01-18 08:34:00', '2022-01-18 18:15:00', 9, 13, 29, 0, 45, 0, 0),
('2022-01-18 16:59:00', 'Madrid', '2022-01-18 08:34:00', '2022-01-18 18:15:00', 9, 13, 29, 0, 45, 0, 0),
('2022-01-18 17:01:00', 'Madrid', '2022-01-18 08:34:00', '2022-01-18 18:15:00', 9, 13, 29, 0, 45, 0, 0),
('2022-01-18 17:02:00', 'Madrid', '2022-01-18 08:34:00', '2022-01-18 18:15:00', 9, 13, 30, 0, 45, 0, 0),
('2022-01-18 17:04:00', 'Madrid', '2022-01-18 08:34:00', '2022-01-18 18:15:00', 9, 13, 30, 0, 45, 0, 0),
('2022-01-18 17:07:00', 'Madrid', '2022-01-18 08:34:00', '2022-01-18 18:15:00', 9, 13, 30, 0, 45, 0, 0),
('2022-01-18 17:07:00', 'Madrid', '2022-01-18 08:34:00', '2022-01-18 18:15:00', 9, 13, 30, 0, 45, 0, 0),
('2022-01-18 17:09:00', 'Madrid', '2022-01-18 08:34:00', '2022-01-18 18:15:00', 9, 13, 30, 0, 45, 0, 0),
('2022-01-18 17:10:00', 'Madrid', '2022-01-18 08:34:00', '2022-01-18 18:15:00', 9, 13, 30, 0, 45, 0, 0),
('2022-01-18 17:11:00', 'Madrid', '2022-01-18 08:34:00', '2022-01-18 18:15:00', 9, 13, 30, 0, 45, 0, 0),
('2022-01-18 17:12:00', 'Madrid', '2022-01-18 08:34:00', '2022-01-18 18:15:00', 9, 13, 30, 0, 45, 0, 0),
('2022-01-18 17:12:00', 'Madrid', '2022-01-18 08:34:00', '2022-01-18 18:15:00', 8, 13, 31, 0, 45, 0, 0),
('2022-01-18 17:12:00', 'Madrid', '2022-01-18 08:34:00', '2022-01-18 18:15:00', 8, 13, 31, 0, 45, 0, 0),
('2022-01-18 17:13:00', 'Madrid', '2022-01-18 08:34:00', '2022-01-18 18:15:00', 8, 13, 31, 0, 45, 0, 0),
('2022-01-18 17:15:00', 'Madrid', '2022-01-18 08:34:00', '2022-01-18 18:15:00', 8, 13, 31, 0, 45, 0, 0),
('2022-01-18 17:32:00', 'Madrid', '2022-01-18 08:34:00', '2022-01-18 18:15:00', 7, 14, 31, 1, 0, 0, 0),
('2022-01-18 17:33:00', 'Madrid', '2022-01-18 08:34:00', '2022-01-18 18:15:00', 7, 14, 31, 1, 0, 0, 0),
('2022-01-18 17:35:00', 'Madrid', '2022-01-18 08:34:00', '2022-01-18 18:15:00', 7, 14, 31, 1, 0, 0, 0),
('2022-01-18 17:35:00', 'Madrid', '2022-01-18 08:34:00', '2022-01-18 18:15:00', 7, 14, 31, 1, 0, 0, 0),
('2022-01-18 17:36:00', 'Madrid', '2022-01-18 08:34:00', '2022-01-18 18:15:00', 7, 14, 31, 1, 0, 0, 0),
('2022-01-18 17:38:00', 'Madrid', '2022-01-18 08:34:00', '2022-01-18 18:15:00', 6, 13, 31, 1, 0, 0, 0),
('2022-01-18 17:40:00', 'Madrid', '2022-01-18 08:34:00', '2022-01-18 18:15:00', 6, 13, 31, 1, 0, 0, 0),
('2022-01-18 17:40:00', 'Madrid', '2022-01-18 08:34:00', '2022-01-18 18:15:00', 6, 13, 31, 1, 0, 0, 0),
('2022-01-18 17:40:00', 'Madrid', '2022-01-18 08:34:00', '2022-01-18 18:15:00', 6, 13, 31, 1, 0, 0, 0),
('2022-01-18 17:41:00', 'Madrid', '2022-01-18 08:34:00', '2022-01-18 18:15:00', 6, 13, 31, 1, 0, 0, 0),
('2022-01-18 17:41:00', 'Madrid', '2022-01-18 08:34:00', '2022-01-18 18:15:00', 6, 13, 31, 1, 0, 0, 0),
('2022-01-18 17:42:00', 'Madrid', '2022-01-18 08:34:00', '2022-01-18 18:15:00', 6, 13, 31, 1, 0, 0, 0),
('2022-01-18 17:45:00', 'Madrid', '2022-01-18 08:34:00', '2022-01-18 18:15:00', 6, 13, 31, 1, 0, 0, 0),
('2022-01-18 17:45:00', 'Madrid', '2022-01-18 08:34:00', '2022-01-18 18:15:00', 6, 13, 31, 1, 0, 0, 0),
('2022-01-18 17:46:00', 'Madrid', '2022-01-18 08:34:00', '2022-01-18 18:15:00', 6, 13, 31, 1, 0, 0, 0),
('2022-01-18 17:47:00', 'Madrid', '2022-01-18 08:34:00', '2022-01-18 18:15:00', 6, 13, 31, 1, 0, 0, 0),
('2022-01-18 17:47:00', 'Madrid', '2022-01-18 08:34:00', '2022-01-18 18:15:00', 6, 13, 31, 1, 0, 0, 0),
('2022-01-18 18:29:00', 'Madrid', '2022-01-18 08:34:00', '2022-01-18 18:15:00', 5, 12, 38, 1, 240, 0, 0),
('2022-01-19 04:14:00', 'Madrid', '2022-01-19 08:34:00', '2022-01-19 18:16:00', -4, 6, 58, 2, 60, 0, 0),
('2022-01-19 04:15:00', 'Madrid', '2022-01-19 08:34:00', '2022-01-19 18:16:00', -4, 6, 58, 2, 60, 0, 0),
('2022-01-19 04:16:00', 'Madrid', '2022-01-19 08:34:00', '2022-01-19 18:16:00', -4, 6, 58, 2, 60, 0, 0),
('2022-01-19 04:23:00', 'Madrid', '2022-01-19 08:34:00', '2022-01-19 18:16:00', -4, 6, 58, 2, 60, 0, 0),
('2022-01-19 04:24:00', 'Madrid', '2022-01-19 08:34:00', '2022-01-19 18:16:00', -4, 6, 58, 2, 30, 0, 0),
('2022-01-19 04:27:00', 'Madrid', '2022-01-19 08:34:00', '2022-01-19 18:16:00', -4, 6, 58, 2, 30, 0, 0),
('2022-01-19 04:28:00', 'Madrid', '2022-01-19 08:34:00', '2022-01-19 18:16:00', -4, 6, 58, 2, 30, 0, 0),
('2022-01-19 04:30:00', 'Madrid', '2022-01-19 08:34:00', '2022-01-19 18:16:00', -4, 6, 58, 2, 30, 0, 0),
('2022-01-19 04:30:00', 'Madrid', '2022-01-19 08:34:00', '2022-01-19 18:16:00', -4, 6, 58, 2, 30, 0, 0),
('2022-01-19 04:32:00', 'Madrid', '2022-01-19 08:34:00', '2022-01-19 18:16:00', -4, 6, 58, 2, 30, 0, 0),
('2022-01-19 04:32:00', 'Madrid', '2022-01-19 08:34:00', '2022-01-19 18:16:00', -4, 6, 58, 2, 22, 0, 0),
('2022-01-19 04:33:00', 'Madrid', '2022-01-19 08:34:00', '2022-01-19 18:16:00', -4, 6, 58, 2, 22, 0, 0),
('2022-01-19 04:37:00', 'Madrid', '2022-01-19 08:34:00', '2022-01-19 18:16:00', -4, 6, 58, 1, 28, 0, 0),
('2022-01-19 04:38:00', 'Madrid', '2022-01-19 08:34:00', '2022-01-19 18:16:00', -4, 6, 58, 1, 28, 0, 0),
('2022-01-19 04:38:00', 'Madrid', '2022-01-19 08:34:00', '2022-01-19 18:16:00', -4, 6, 58, 1, 28, 0, 0),
('2022-01-19 04:38:00', 'Madrid', '2022-01-19 08:34:00', '2022-01-19 18:16:00', -4, 6, 58, 1, 28, 0, 0),
('2022-01-19 04:38:00', 'Madrid', '2022-01-19 08:34:00', '2022-01-19 18:16:00', -4, 6, 58, 1, 28, 0, 0),
('2022-01-19 04:39:00', 'Madrid', '2022-01-19 08:34:00', '2022-01-19 18:16:00', -4, 6, 58, 1, 28, 0, 0),
('2022-01-19 04:39:00', 'Madrid', '2022-01-19 08:34:00', '2022-01-19 18:16:00', -4, 6, 58, 1, 28, 0, 0),
('2022-01-19 04:41:00', 'Madrid', '2022-01-19 08:34:00', '2022-01-19 18:16:00', -4, 6, 58, 1, 28, 0, 0),
('2022-01-19 04:42:00', 'Madrid', '2022-01-19 08:34:00', '2022-01-19 18:16:00', -4, 6, 58, 1, 28, 0, 0),
('2022-01-19 04:43:00', 'Madrid', '2022-01-19 08:34:00', '2022-01-19 18:16:00', -4, 6, 58, 1, 28, 0, 0),
('2022-01-19 04:46:00', 'Madrid', '2022-01-19 08:34:00', '2022-01-19 18:16:00', -4, 6, 58, 1, 28, 0, 0),
('2022-01-19 04:47:00', 'Madrid', '2022-01-19 08:34:00', '2022-01-19 18:16:00', -4, 6, 58, 1, 28, 0, 0),
('2022-01-19 04:47:00', 'Madrid', '2022-01-19 08:34:00', '2022-01-19 18:16:00', -2, 6, 54, 2, 31, 0, 0),
('2022-01-19 04:48:00', 'Madrid', '2022-01-19 08:34:00', '2022-01-19 18:16:00', -2, 6, 54, 2, 31, 0, 0),
('2022-01-19 04:48:00', 'Madrid', '2022-01-19 08:34:00', '2022-01-19 18:16:00', -2, 6, 54, 2, 31, 0, 0),
('2022-01-19 04:50:00', 'Madrid', '2022-01-19 08:34:00', '2022-01-19 18:16:00', -2, 6, 54, 2, 31, 0, 0),
('2022-01-19 04:51:00', 'Madrid', '2022-01-19 08:34:00', '2022-01-19 18:16:00', -2, 6, 54, 2, 31, 0, 0),
('2022-01-19 10:00:00', 'Madrid', '2022-01-19 08:34:00', '2022-01-19 18:16:00', -3, 8, 56, 2, 0, 0, 0),
('2022-01-19 10:01:00', 'Madrid', '2022-01-19 08:34:00', '2022-01-19 18:16:00', -3, 8, 56, 2, 0, 0, 0),
('2022-01-19 10:03:00', 'Madrid', '2022-01-19 08:34:00', '2022-01-19 18:16:00', -3, 8, 56, 2, 0, 0, 0),
('2022-01-19 10:04:00', 'Madrid', '2022-01-19 08:34:00', '2022-01-19 18:16:00', -3, 8, 56, 2, 0, 0, 0),
('2022-01-19 10:05:00', 'Madrid', '2022-01-19 08:34:00', '2022-01-19 18:16:00', -3, 8, 56, 2, 0, 0, 0),
('2022-01-19 10:06:00', 'Madrid', '2022-01-19 08:34:00', '2022-01-19 18:16:00', -3, 8, 56, 2, 23, 0, 0),
('2022-01-19 10:06:00', 'Madrid', '2022-01-19 08:34:00', '2022-01-19 18:16:00', -3, 8, 56, 2, 23, 0, 0),
('2022-01-19 10:07:00', 'Madrid', '2022-01-19 08:34:00', '2022-01-19 18:16:00', -3, 8, 56, 2, 23, 0, 0),
('2022-01-19 11:31:00', 'Madrid', '2022-01-19 08:34:00', '2022-01-19 18:16:00', 3, 10, 48, 1, 59, 0, 0),
('2022-01-19 11:40:00', 'Madrid', '2022-01-19 08:34:00', '2022-01-19 18:16:00', 3, 11, 48, 1, 83, 0, 0),
('2022-01-19 11:40:00', 'Madrid', '2022-01-19 08:34:00', '2022-01-19 18:16:00', 3, 11, 48, 1, 83, 0, 0),
('2022-01-19 11:41:00', 'Madrid', '2022-01-19 08:34:00', '2022-01-19 18:16:00', 3, 11, 48, 1, 83, 0, 0),
('2022-01-19 11:43:00', 'Madrid', '2022-01-19 08:34:00', '2022-01-19 18:16:00', 3, 11, 48, 1, 83, 0, 0),
('2022-01-19 11:43:00', 'Madrid', '2022-01-19 08:34:00', '2022-01-19 18:16:00', 3, 11, 48, 1, 83, 0, 0),
('2022-01-19 11:43:00', 'Madrid', '2022-01-19 08:34:00', '2022-01-19 18:16:00', 3, 11, 48, 1, 83, 0, 0),
('2022-01-19 11:44:00', 'Madrid', '2022-01-19 08:34:00', '2022-01-19 18:16:00', 3, 11, 48, 1, 83, 0, 0),
('2022-01-19 11:47:00', 'Madrid', '2022-01-19 08:34:00', '2022-01-19 18:16:00', 3, 11, 48, 1, 83, 0, 0),
('2022-01-19 11:48:00', 'Madrid', '2022-01-19 08:34:00', '2022-01-19 18:16:00', 3, 11, 48, 1, 83, 0, 0),
('2022-01-19 11:48:00', 'Madrid', '2022-01-19 08:34:00', '2022-01-19 18:16:00', 3, 11, 48, 1, 83, 0, 0),
('2022-01-19 11:50:00', 'Madrid', '2022-01-19 08:34:00', '2022-01-19 18:16:00', 4, 11, 48, 1, 90, 0, 0),
('2022-01-19 11:51:00', 'Madrid', '2022-01-19 08:34:00', '2022-01-19 18:16:00', 4, 11, 48, 1, 90, 0, 0),
('2022-01-19 11:54:00', 'Madrid', '2022-01-19 08:34:00', '2022-01-19 18:16:00', 4, 11, 48, 1, 90, 0, 0),
('2022-01-19 21:28:00', 'Madrid', '2022-01-19 08:34:00', '2022-01-19 18:16:00', 2, 10, 45, 0, 293, 0, 0),
('2022-01-19 21:29:00', 'Madrid', '2022-01-19 08:34:00', '2022-01-19 18:16:00', 2, 10, 46, 0, 293, 0, 0),
('2022-01-19 21:56:00', 'Madrid', '2022-01-19 08:34:00', '2022-01-19 18:16:00', 1, 9, 48, 0, 360, 0, 0),
('2022-01-19 21:56:00', 'Madrid', '2022-01-19 08:34:00', '2022-01-19 18:16:00', 1, 9, 48, 0, 360, 0, 0),
('2022-01-19 21:58:00', 'Madrid', '2022-01-19 08:34:00', '2022-01-19 18:16:00', 1, 9, 48, 0, 360, 0, 0),
('2022-01-19 22:00:00', 'Madrid', '2022-01-19 08:34:00', '2022-01-19 18:16:00', 1, 9, 48, 0, 360, 0, 0),
('2022-01-19 22:02:00', 'Madrid', '2022-01-19 08:34:00', '2022-01-19 18:16:00', 1, 9, 48, 0, 360, 0, 0),
('2022-01-19 22:03:00', 'Madrid', '2022-01-19 08:34:00', '2022-01-19 18:16:00', 1, 9, 48, 0, 360, 0, 0),
('2022-01-19 22:05:00', 'Madrid', '2022-01-19 08:34:00', '2022-01-19 18:16:00', 1, 9, 48, 0, 360, 0, 0),
('2022-01-19 22:24:00', 'Madrid', '2022-01-19 08:34:00', '2022-01-19 18:16:00', 1, 9, 50, 0, 6, 0, 0),
('2022-01-19 22:33:00', 'Madrid', '2022-01-19 08:34:00', '2022-01-19 18:16:00', 1, 9, 50, 0, 6, 0, 0),
('2022-01-19 22:34:00', 'Madrid', '2022-01-19 08:34:00', '2022-01-19 18:16:00', 1, 8, 51, 1, 50, 0, 0),
('2022-01-19 22:35:00', 'Madrid', '2022-01-19 08:34:00', '2022-01-19 18:16:00', 1, 8, 51, 1, 50, 0, 0),
('2022-01-19 22:35:00', 'Madrid', '2022-01-19 08:34:00', '2022-01-19 18:16:00', 1, 8, 51, 1, 50, 0, 0),
('2022-01-19 22:36:00', 'Madrid', '2022-01-19 08:34:00', '2022-01-19 18:16:00', 1, 8, 51, 1, 50, 0, 0),
('2022-01-19 22:40:00', 'Madrid', '2022-01-19 08:34:00', '2022-01-19 18:16:00', 1, 8, 51, 1, 50, 0, 0),
('2022-01-19 22:40:00', 'Madrid', '2022-01-19 08:34:00', '2022-01-19 18:16:00', 1, 8, 51, 1, 50, 0, 0),
('2022-01-19 22:40:00', 'Madrid', '2022-01-19 08:34:00', '2022-01-19 18:16:00', 1, 8, 51, 1, 50, 0, 0),
('2022-01-19 22:40:00', 'Madrid', '2022-01-19 08:34:00', '2022-01-19 18:16:00', 1, 8, 51, 1, 50, 0, 0),
('2022-01-19 22:41:00', 'Madrid', '2022-01-19 08:34:00', '2022-01-19 18:16:00', 1, 8, 51, 1, 50, 0, 0),
('2022-01-19 22:41:00', 'Madrid', '2022-01-19 08:34:00', '2022-01-19 18:16:00', 1, 8, 51, 1, 50, 0, 0),
('2022-01-19 22:41:00', 'Madrid', '2022-01-19 08:34:00', '2022-01-19 18:16:00', 1, 8, 51, 1, 50, 0, 0),
('2022-01-19 22:42:00', 'Madrid', '2022-01-19 08:34:00', '2022-01-19 18:16:00', 1, 8, 51, 1, 50, 0, 0),
('2022-01-19 22:42:00', 'Madrid', '2022-01-19 08:34:00', '2022-01-19 18:16:00', 1, 8, 51, 1, 50, 0, 0),
('2022-01-19 22:42:00', 'Madrid', '2022-01-19 08:34:00', '2022-01-19 18:16:00', 1, 8, 51, 1, 50, 0, 0),
('2022-01-19 22:42:00', 'Madrid', '2022-01-19 08:34:00', '2022-01-19 18:16:00', 1, 8, 51, 1, 50, 0, 0),
('2022-01-19 22:43:00', 'Madrid', '2022-01-19 08:34:00', '2022-01-19 18:16:00', 1, 8, 51, 1, 50, 0, 0),
('2022-01-19 22:43:00', 'Madrid', '2022-01-19 08:34:00', '2022-01-19 18:16:00', 1, 8, 51, 1, 50, 0, 0),
('2022-01-19 22:43:00', 'Madrid', '2022-01-19 08:34:00', '2022-01-19 18:16:00', 1, 8, 51, 1, 50, 0, 0),
('2022-01-19 22:43:00', 'Madrid', '2022-01-19 08:34:00', '2022-01-19 18:16:00', 1, 8, 51, 1, 50, 0, 0),
('2022-01-20 10:25:00', 'Madrid', '2022-01-20 08:33:00', '2022-01-20 18:17:00', 0, 9, 60, 1, 90, 0, 0),
('2022-01-20 10:28:00', 'Madrid', '2022-01-20 08:33:00', '2022-01-20 18:17:00', 0, 9, 61, 1, 90, 0, 0),
('2022-01-20 10:32:00', 'Madrid', '2022-01-20 08:33:00', '2022-01-20 18:17:00', 0, 9, 61, 1, 90, 0, 0),
('2022-01-20 10:35:00', 'Madrid', '2022-01-20 08:33:00', '2022-01-20 18:17:00', 0, 9, 61, 1, 90, 0, 0),
('2022-01-20 10:36:00', 'Madrid', '2022-01-20 08:33:00', '2022-01-20 18:17:00', 0, 9, 61, 1, 90, 0, 0),
('2022-01-20 10:36:00', 'Madrid', '2022-01-20 08:33:00', '2022-01-20 18:17:00', 0, 9, 61, 1, 90, 0, 0),
('2022-01-20 10:36:00', 'Madrid', '2022-01-20 08:33:00', '2022-01-20 18:17:00', 0, 9, 61, 1, 90, 0, 0),
('2022-01-20 10:38:00', 'Madrid', '2022-01-20 08:33:00', '2022-01-20 18:17:00', 1, 9, 58, 2, 90, 0, 0),
('2022-01-20 10:41:00', 'Madrid', '2022-01-20 08:33:00', '2022-01-20 18:17:00', 1, 9, 58, 2, 90, 0, 0),
('2022-01-20 10:42:00', 'Madrid', '2022-01-20 08:33:00', '2022-01-20 18:17:00', 1, 9, 58, 2, 90, 0, 0),
('2022-01-20 10:43:00', 'Madrid', '2022-01-20 08:33:00', '2022-01-20 18:17:00', 1, 9, 58, 2, 90, 0, 0),
('2022-01-20 16:05:00', 'Madrid', '2022-01-20 08:33:00', '2022-01-20 18:17:00', 11, 14, 42, 2, 68, 20, 0),
('2022-01-20 18:02:00', 'Madrid', '2022-01-20 08:33:00', '2022-01-20 18:17:00', 7, 12, 42, 1, 90, 20, 0),
('2022-01-20 18:04:00', 'Madrid', '2022-01-20 08:33:00', '2022-01-20 18:17:00', 7, 12, 42, 1, 90, 20, 0),
('2022-01-20 18:19:00', 'Madrid', '2022-01-20 08:33:00', '2022-01-20 18:17:00', 7, 12, 44, 2, 68, 20, 0),
('2022-01-20 18:21:00', 'Madrid', '2022-01-20 08:33:00', '2022-01-20 18:17:00', 7, 12, 44, 2, 68, 20, 0),
('2022-01-20 19:03:00', 'Madrid', '2022-01-20 08:33:00', '2022-01-20 18:17:00', 6, 11, 46, 1, 45, 20, 0),
('2022-01-20 19:06:00', 'Madrid', '2022-01-20 08:33:00', '2022-01-20 18:17:00', 6, 11, 46, 1, 45, 20, 0),
('2022-01-20 19:07:00', 'Madrid', '2022-01-20 08:33:00', '2022-01-20 18:17:00', 6, 11, 46, 1, 45, 20, 0),
('2022-01-20 19:09:00', 'Madrid', '2022-01-20 08:33:00', '2022-01-20 18:17:00', 6, 11, 46, 1, 45, 20, 0),
('2022-01-20 19:11:00', 'Madrid', '2022-01-20 08:33:00', '2022-01-20 18:17:00', 6, 11, 46, 1, 45, 20, 0),
('2022-01-20 19:12:00', 'Madrid', '2022-01-20 08:33:00', '2022-01-20 18:17:00', 5, 11, 47, 1, 45, 20, 0),
('2022-01-20 19:17:00', 'Madrid', '2022-01-20 08:33:00', '2022-01-20 18:17:00', 5, 11, 47, 1, 45, 20, 0),
('2022-01-20 19:20:00', 'Madrid', '2022-01-20 08:33:00', '2022-01-20 18:17:00', 5, 11, 50, 4, 68, 20, 0),
('2022-01-20 19:20:00', 'Madrid', '2022-01-20 08:33:00', '2022-01-20 18:17:00', 5, 11, 50, 4, 68, 20, 0),
('2022-01-20 19:22:00', 'Madrid', '2022-01-20 08:33:00', '2022-01-20 18:17:00', 5, 11, 50, 4, 68, 20, 0),
('2022-01-20 19:23:00', 'Madrid', '2022-01-20 08:33:00', '2022-01-20 18:17:00', 5, 11, 50, 4, 68, 20, 0),
('2022-01-20 19:26:00', 'Madrid', '2022-01-20 08:33:00', '2022-01-20 18:17:00', 5, 11, 50, 4, 68, 20, 0),
('2022-01-20 19:27:00', 'Madrid', '2022-01-20 08:33:00', '2022-01-20 18:17:00', 5, 11, 50, 4, 68, 20, 0),
('2022-01-20 19:29:00', 'Madrid', '2022-01-20 08:33:00', '2022-01-20 18:17:00', 5, 11, 50, 4, 68, 20, 0),
('2022-01-20 19:30:00', 'Madrid', '2022-01-20 08:33:00', '2022-01-20 18:17:00', 5, 11, 51, 1, 68, 20, 0),
('2022-01-20 19:32:00', 'Madrid', '2022-01-20 08:33:00', '2022-01-20 18:17:00', 5, 11, 51, 1, 68, 20, 0),
('2022-01-20 19:33:00', 'Madrid', '2022-01-20 08:33:00', '2022-01-20 18:17:00', 5, 11, 51, 1, 68, 20, 0),
('2022-01-20 19:34:00', 'Madrid', '2022-01-20 08:33:00', '2022-01-20 18:17:00', 5, 11, 51, 1, 68, 20, 0),
('2022-01-20 19:39:00', 'Madrid', '2022-01-20 08:33:00', '2022-01-20 18:17:00', 5, 11, 51, 4, 68, 20, 0),
('2022-01-20 19:39:00', 'Madrid', '2022-01-20 08:33:00', '2022-01-20 18:17:00', 5, 11, 51, 4, 68, 20, 0),
('2022-01-20 19:40:00', 'Madrid', '2022-01-20 08:33:00', '2022-01-20 18:17:00', 5, 11, 51, 4, 68, 20, 0),
('2022-01-20 19:42:00', 'Madrid', '2022-01-20 08:33:00', '2022-01-20 18:17:00', 5, 11, 51, 4, 68, 20, 0),
('2022-01-20 19:43:00', 'Madrid', '2022-01-20 08:33:00', '2022-01-20 18:17:00', 5, 11, 51, 4, 68, 20, 0),
('2022-01-20 19:52:00', 'Madrid', '2022-01-20 08:33:00', '2022-01-20 18:17:00', 4, 10, 54, 3, 45, 20, 0),
('2022-01-20 19:54:00', 'Madrid', '2022-01-20 08:33:00', '2022-01-20 18:17:00', 4, 10, 54, 3, 45, 20, 0),
('2022-01-20 19:54:00', 'Madrid', '2022-01-20 08:33:00', '2022-01-20 18:17:00', 4, 10, 54, 3, 45, 20, 0),
('2022-01-20 19:56:00', 'Madrid', '2022-01-20 08:33:00', '2022-01-20 18:17:00', 4, 10, 54, 3, 45, 20, 0),
('2022-01-20 19:56:00', 'Madrid', '2022-01-20 08:33:00', '2022-01-20 18:17:00', 4, 10, 54, 3, 45, 20, 0),
('2022-01-20 19:57:00', 'Madrid', '2022-01-20 08:33:00', '2022-01-20 18:17:00', 4, 10, 54, 3, 45, 20, 0),
('2022-01-20 19:58:00', 'Madrid', '2022-01-20 08:33:00', '2022-01-20 18:17:00', 4, 10, 54, 3, 45, 20, 0),
('2022-01-20 20:03:00', 'Madrid', '2022-01-20 08:33:00', '2022-01-20 18:17:00', 5, 10, 54, 1, 68, 20, 0),
('2022-01-20 20:03:00', 'Madrid', '2022-01-20 08:33:00', '2022-01-20 18:17:00', 5, 10, 54, 1, 68, 20, 0),
('2022-01-20 21:15:00', 'Madrid', '2022-01-20 08:33:00', '2022-01-20 18:17:00', 3, 9, 59, 3, 68, 20, 0),
('2022-01-20 21:15:00', 'Madrid', '2022-01-20 08:33:00', '2022-01-20 18:17:00', 3, 9, 59, 3, 68, 20, 0),
('2022-01-20 23:15:00', 'Madrid', '2022-01-20 08:33:00', '2022-01-20 18:17:00', 2, 8, 65, 2, 45, 0, 0),
('2022-01-20 23:16:00', 'Madrid', '2022-01-20 08:33:00', '2022-01-20 18:17:00', 2, 8, 65, 2, 45, 0, 0),
('2022-01-20 23:19:00', 'Madrid', '2022-01-20 08:33:00', '2022-01-20 18:17:00', 2, 8, 65, 2, 45, 0, 0),
('2022-01-20 23:21:00', 'Madrid', '2022-01-20 08:33:00', '2022-01-20 18:17:00', 2, 8, 65, 2, 45, 0, 0),
('2022-01-20 23:23:00', 'Madrid', '2022-01-20 08:33:00', '2022-01-20 18:17:00', 2, 8, 65, 2, 45, 0, 0),
('2022-01-20 23:23:00', 'Madrid', '2022-01-20 08:33:00', '2022-01-20 18:17:00', 2, 8, 65, 2, 45, 0, 0),
('2022-01-20 23:24:00', 'Madrid', '2022-01-20 08:33:00', '2022-01-20 18:17:00', 2, 8, 65, 2, 45, 0, 0),
('2022-01-20 23:27:00', 'Madrid', '2022-01-20 08:33:00', '2022-01-20 18:17:00', 2, 8, 65, 2, 68, 0, 0),
('2022-01-20 23:33:00', 'Madrid', '2022-01-20 08:33:00', '2022-01-20 18:17:00', 2, 8, 65, 2, 68, 0, 0),
('2022-01-20 23:34:00', 'Madrid', '2022-01-20 08:33:00', '2022-01-20 18:17:00', 2, 8, 65, 2, 68, 0, 0),
('2022-01-20 23:35:00', 'Madrid', '2022-01-20 08:33:00', '2022-01-20 18:17:00', 2, 8, 65, 2, 68, 0, 0),
('2022-01-20 23:38:00', 'Madrid', '2022-01-20 08:33:00', '2022-01-20 18:17:00', 2, 8, 65, 1, 45, 0, 0),
('2022-01-20 23:46:00', 'Madrid', '2022-01-20 08:33:00', '2022-01-20 18:17:00', 2, 8, 65, 1, 45, 0, 0),
('2022-01-20 23:46:00', 'Madrid', '2022-01-20 08:33:00', '2022-01-20 18:17:00', 2, 8, 65, 1, 45, 0, 0),
('2022-01-20 23:47:00', 'Madrid', '2022-01-20 08:33:00', '2022-01-20 18:17:00', 2, 8, 65, 1, 45, 0, 0),
('2022-01-20 23:48:00', 'Madrid', '2022-01-20 08:33:00', '2022-01-20 18:17:00', 2, 7, 66, 3, 90, 0, 0),
('2022-01-20 23:49:00', 'Madrid', '2022-01-20 08:33:00', '2022-01-20 18:17:00', 2, 7, 66, 3, 90, 0, 0),
('2022-01-20 23:49:00', 'Madrid', '2022-01-20 08:33:00', '2022-01-20 18:17:00', 2, 7, 66, 3, 90, 0, 0),
('2022-01-20 23:50:00', 'Madrid', '2022-01-20 08:33:00', '2022-01-20 18:17:00', 2, 7, 66, 3, 90, 0, 0),
('2022-01-20 23:50:00', 'Madrid', '2022-01-20 08:33:00', '2022-01-20 18:17:00', 2, 7, 66, 3, 90, 0, 0),
('2022-01-20 23:51:00', 'Madrid', '2022-01-20 08:33:00', '2022-01-20 18:17:00', 2, 7, 66, 3, 90, 0, 0),
('2022-01-20 23:54:00', 'Madrid', '2022-01-20 08:33:00', '2022-01-20 18:17:00', 2, 7, 66, 3, 90, 0, 0),
('2022-01-21 00:01:00', 'Madrid', '2022-01-21 08:32:00', '2022-01-21 18:18:00', 2, 7, 66, 1, 121, 0, 0),
('2022-01-21 00:04:00', 'Madrid', '2022-01-20 08:33:00', '2022-01-20 18:17:00', 2, 7, 66, 1, 121, 0, 0);
INSERT INTO `weather` (`fecha`, `ciudad`, `amanecer`, `anochecer`, `temp_min`, `temp_max`, `humedad`, `viento_velocidad`, `viento_direccion`, `nubes`, `lluvia`) VALUES
('2022-01-21 09:23:00', 'Madrid', '2022-01-21 08:32:00', '2022-01-21 18:18:00', -4, 5, 83, 0, 15, 0, 0),
('2022-01-21 09:38:00', 'Madrid', '2022-01-21 08:32:00', '2022-01-21 18:18:00', -4, 4, 81, 1, 35, 0, 0),
('2022-01-21 09:40:00', 'Madrid', '2022-01-21 08:32:00', '2022-01-21 18:18:00', -4, 4, 81, 1, 35, 0, 0),
('2022-01-21 09:43:00', 'Madrid', '2022-01-21 08:32:00', '2022-01-21 18:18:00', -4, 4, 81, 1, 35, 0, 0),
('2022-01-21 09:48:00', 'Madrid', '2022-01-21 08:32:00', '2022-01-21 18:18:00', -2, 4, 80, 1, 23, 0, 0),
('2022-01-21 09:52:00', 'Madrid', '2022-01-21 08:32:00', '2022-01-21 18:18:00', -2, 4, 80, 1, 23, 0, 0),
('2022-01-21 09:52:00', 'Madrid', '2022-01-21 08:32:00', '2022-01-21 18:18:00', -2, 4, 80, 1, 23, 0, 0),
('2022-01-21 09:52:00', 'Madrid', '2022-01-21 08:32:00', '2022-01-21 18:18:00', -2, 4, 80, 1, 23, 0, 0),
('2022-01-21 09:52:00', 'Madrid', '2022-01-21 08:32:00', '2022-01-21 18:18:00', -2, 4, 80, 1, 23, 0, 0),
('2022-01-21 09:52:00', 'Madrid', '2022-01-21 08:32:00', '2022-01-21 18:18:00', -2, 4, 80, 1, 23, 0, 0),
('2022-01-21 09:53:00', 'Madrid', '2022-01-21 08:32:00', '2022-01-21 18:18:00', -2, 4, 80, 1, 23, 0, 0),
('2022-01-21 09:56:00', 'Madrid', '2022-01-21 08:32:00', '2022-01-21 18:18:00', -2, 4, 80, 1, 23, 0, 0),
('2022-01-21 09:56:00', 'Madrid', '2022-01-21 08:32:00', '2022-01-21 18:18:00', -2, 4, 80, 1, 23, 0, 0),
('2022-01-21 09:57:00', 'Madrid', '2022-01-21 08:32:00', '2022-01-21 18:18:00', -2, 4, 80, 1, 23, 0, 0),
('2022-01-21 09:57:00', 'Madrid', '2022-01-21 08:32:00', '2022-01-21 18:18:00', -2, 4, 80, 1, 23, 0, 0),
('2022-01-21 09:57:00', 'Madrid', '2022-01-21 08:32:00', '2022-01-21 18:18:00', -2, 4, 80, 1, 23, 0, 0),
('2022-01-21 09:57:00', 'Madrid', '2022-01-21 08:32:00', '2022-01-21 18:18:00', -2, 4, 80, 1, 23, 0, 0),
('2022-01-21 09:58:00', 'Madrid', '2022-01-21 08:32:00', '2022-01-21 18:18:00', -2, 4, 80, 1, 23, 0, 0),
('2022-01-21 10:52:00', 'Madrid', '2022-01-21 08:32:00', '2022-01-21 18:18:00', 0, 7, 73, 0, 10, 0, 0),
('2022-01-21 10:52:00', 'Madrid', '2022-01-21 08:32:00', '2022-01-21 18:18:00', 0, 7, 73, 0, 10, 0, 0),
('2022-01-21 10:52:00', 'Madrid', '2022-01-21 08:32:00', '2022-01-21 18:18:00', 0, 7, 73, 0, 10, 0, 0),
('2022-01-21 10:52:00', 'Madrid', '2022-01-21 08:32:00', '2022-01-21 18:18:00', 0, 7, 73, 0, 10, 0, 0),
('2022-01-21 10:53:00', 'Madrid', '2022-01-21 08:32:00', '2022-01-21 18:18:00', 0, 7, 73, 0, 10, 0, 0),
('2022-01-21 10:53:00', 'Madrid', '2022-01-21 08:32:00', '2022-01-21 18:18:00', 0, 7, 73, 0, 10, 0, 0),
('2022-01-21 10:53:00', 'Madrid', '2022-01-21 08:32:00', '2022-01-21 18:18:00', 0, 7, 73, 0, 10, 0, 0),
('2022-01-21 10:53:00', 'Madrid', '2022-01-21 08:32:00', '2022-01-21 18:18:00', 0, 7, 73, 0, 10, 0, 0),
('2022-01-21 10:53:00', 'Madrid', '2022-01-21 08:32:00', '2022-01-21 18:18:00', 0, 7, 73, 0, 10, 0, 0),
('2022-01-21 10:54:00', 'Madrid', '2022-01-21 08:32:00', '2022-01-21 18:18:00', 0, 7, 73, 0, 10, 0, 0),
('2022-01-21 10:54:00', 'Madrid', '2022-01-21 08:32:00', '2022-01-21 18:18:00', 0, 7, 73, 0, 10, 0, 0),
('2022-01-21 11:09:00', 'Madrid', '2022-01-21 08:32:00', '2022-01-21 18:18:00', 0, 7, 73, 1, 94, 0, 0),
('2022-01-21 11:14:00', 'Madrid', '2022-01-21 08:32:00', '2022-01-21 18:18:00', 0, 7, 73, 2, 84, 0, 0),
('2022-01-21 11:15:00', 'Madrid', '2022-01-21 08:32:00', '2022-01-21 18:18:00', 0, 7, 73, 2, 84, 0, 0),
('2022-01-21 11:16:00', 'Madrid', '2022-01-21 08:32:00', '2022-01-21 18:18:00', 0, 7, 73, 2, 84, 0, 0),
('2022-01-21 11:18:00', 'Madrid', '2022-01-21 08:32:00', '2022-01-21 18:18:00', 0, 7, 73, 2, 84, 0, 0),
('2022-01-21 11:18:00', 'Madrid', '2022-01-21 08:32:00', '2022-01-21 18:18:00', 0, 7, 73, 2, 84, 0, 0),
('2022-01-21 11:20:00', 'Madrid', '2022-01-21 08:32:00', '2022-01-21 18:18:00', 0, 7, 73, 2, 84, 0, 0),
('2022-01-21 11:20:00', 'Madrid', '2022-01-21 08:32:00', '2022-01-21 18:18:00', 0, 7, 73, 2, 84, 0, 0),
('2022-01-21 11:21:00', 'Madrid', '2022-01-21 08:32:00', '2022-01-21 18:18:00', 0, 7, 73, 2, 84, 0, 0),
('2022-01-21 11:21:00', 'Madrid', '2022-01-21 08:32:00', '2022-01-21 18:18:00', 0, 7, 73, 2, 84, 0, 0),
('2022-01-21 11:21:00', 'Madrid', '2022-01-21 08:32:00', '2022-01-21 18:18:00', 0, 7, 73, 2, 84, 0, 0),
('2022-01-21 11:23:00', 'Madrid', '2022-01-21 08:32:00', '2022-01-21 18:18:00', 0, 7, 72, 0, 225, 0, 0),
('2022-01-21 11:24:00', 'Madrid', '2022-01-21 08:32:00', '2022-01-21 18:18:00', 0, 7, 72, 0, 225, 0, 0),
('2022-01-21 11:25:00', 'Madrid', '2022-01-21 08:32:00', '2022-01-21 18:18:00', 0, 7, 72, 0, 225, 0, 0),
('2022-01-21 11:26:00', 'Madrid', '2022-01-21 08:32:00', '2022-01-21 18:18:00', 0, 7, 72, 0, 225, 0, 0),
('2022-01-21 11:26:00', 'Madrid', '2022-01-21 08:32:00', '2022-01-21 18:18:00', 0, 7, 72, 0, 225, 0, 0),
('2022-01-21 11:31:00', 'Madrid', '2022-01-21 08:32:00', '2022-01-21 18:18:00', 0, 7, 72, 0, 225, 0, 0),
('2022-01-21 11:37:00', 'Madrid', '2022-01-21 08:32:00', '2022-01-21 18:18:00', 1, 7, 71, 0, 203, 0, 0),
('2022-01-21 11:39:00', 'Madrid', '2022-01-21 08:32:00', '2022-01-21 18:18:00', 1, 7, 71, 0, 203, 0, 0),
('2022-01-21 11:39:00', 'Madrid', '2022-01-21 08:32:00', '2022-01-21 18:18:00', 1, 7, 71, 0, 203, 0, 0),
('2022-01-21 11:40:00', 'Madrid', '2022-01-21 08:32:00', '2022-01-21 18:18:00', 1, 7, 71, 0, 203, 0, 0),
('2022-01-21 11:42:00', 'Madrid', '2022-01-21 08:32:00', '2022-01-21 18:18:00', 1, 7, 71, 0, 203, 0, 0),
('2022-01-21 11:44:00', 'Madrid', '2022-01-21 08:32:00', '2022-01-21 18:18:00', 1, 7, 71, 0, 203, 0, 0),
('2022-01-21 15:24:00', 'Madrid', '2022-01-21 08:32:00', '2022-01-21 18:18:00', 7, 10, 45, 2, 113, 20, 0),
('2022-01-21 15:57:00', 'Madrid', '2022-01-21 08:32:00', '2022-01-21 18:18:00', 7, 11, 41, 2, 68, 20, 0),
('2022-01-21 15:57:00', 'Madrid', '2022-01-21 08:32:00', '2022-01-21 18:18:00', 7, 11, 41, 2, 68, 20, 0),
('2022-01-21 15:58:00', 'Madrid', '2022-01-21 08:32:00', '2022-01-21 18:18:00', 7, 11, 41, 2, 68, 20, 0),
('2022-01-21 15:59:00', 'Madrid', '2022-01-21 08:32:00', '2022-01-21 18:18:00', 7, 11, 41, 2, 68, 20, 0),
('2022-01-21 16:00:00', 'Madrid', '2022-01-21 08:32:00', '2022-01-21 18:18:00', 7, 11, 41, 2, 68, 20, 0),
('2022-01-21 17:50:00', 'Madrid', '2022-01-21 08:32:00', '2022-01-21 18:18:00', 5, 10, 36, 2, 113, 0, 0),
('2022-01-21 21:42:00', 'Madrid', '2022-01-21 08:32:00', '2022-01-21 18:18:00', 0, 7, 47, 1, 45, 0, 0),
('2022-01-21 21:43:00', 'Madrid', '2022-01-21 08:32:00', '2022-01-21 18:18:00', 0, 7, 47, 1, 45, 0, 0),
('2022-01-22 11:29:00', 'Madrid', '2022-01-22 08:32:00', '2022-01-22 18:20:00', 1, 7, 64, 3, 23, 20, 0),
('2022-01-22 11:29:00', 'Madrid', '2022-01-22 08:32:00', '2022-01-22 18:20:00', 1, 7, 64, 3, 23, 20, 0),
('2022-01-22 11:29:00', 'Madrid', '2022-01-22 08:32:00', '2022-01-22 18:20:00', 1, 7, 64, 3, 23, 20, 0),
('2022-01-22 11:46:00', 'Madrid', '2022-01-22 08:32:00', '2022-01-22 18:20:00', 2, 7, 63, 1, 45, 75, 0),
('2022-01-22 11:47:00', 'Madrid', '2022-01-22 08:32:00', '2022-01-22 18:20:00', 2, 7, 63, 1, 45, 75, 0),
('2022-01-22 12:06:00', 'Madrid', '2022-01-22 08:32:00', '2022-01-22 18:20:00', 2, 7, 63, 0, 68, 75, 0),
('2022-01-22 12:06:00', 'Madrid', '2022-01-22 08:32:00', '2022-01-22 18:20:00', 2, 7, 63, 0, 68, 75, 0),
('2022-01-22 12:10:00', 'Madrid', '2022-01-22 08:32:00', '2022-01-22 18:20:00', 2, 7, 63, 0, 68, 75, 0),
('2022-01-22 12:11:00', 'Madrid', '2022-01-22 08:32:00', '2022-01-22 18:20:00', 2, 7, 63, 0, 68, 75, 0),
('2022-01-22 17:39:00', 'Madrid', '2022-01-22 08:32:00', '2022-01-22 18:20:00', 6, 10, 53, 0, 68, 0, 0),
('2022-01-22 17:40:00', 'Madrid', '2022-01-22 08:32:00', '2022-01-22 18:20:00', 6, 10, 53, 0, 68, 0, 0),
('2022-01-22 17:40:00', 'Madrid', '2022-01-22 08:32:00', '2022-01-22 18:20:00', 6, 10, 53, 0, 68, 0, 0),
('2022-01-22 17:40:00', 'Madrid', '2022-01-22 08:32:00', '2022-01-22 18:20:00', 6, 10, 53, 0, 68, 0, 0),
('2022-01-22 17:40:00', 'Madrid', '2022-01-22 08:32:00', '2022-01-22 18:20:00', 6, 10, 53, 0, 68, 0, 0),
('2022-01-22 22:02:00', 'Madrid', '2022-01-22 08:32:00', '2022-01-22 18:20:00', 0, 8, 69, 1, 84, 0, 0),
('2022-01-22 22:02:00', 'Madrid', '2022-01-22 08:32:00', '2022-01-22 18:20:00', 0, 8, 69, 1, 84, 0, 0),
('2022-01-22 22:02:00', 'Madrid', '2022-01-22 08:32:00', '2022-01-22 18:20:00', 0, 8, 69, 1, 84, 0, 0),
('2022-01-22 22:02:00', 'Madrid', '2022-01-22 08:32:00', '2022-01-22 18:20:00', 0, 8, 69, 1, 84, 0, 0),
('2022-01-22 22:02:00', 'Madrid', '2022-01-22 08:32:00', '2022-01-22 18:20:00', 0, 8, 69, 1, 84, 0, 0),
('2022-01-22 22:02:00', 'Madrid', '2022-01-22 08:32:00', '2022-01-22 18:20:00', 0, 8, 69, 1, 84, 0, 0),
('2022-01-22 22:02:00', 'Madrid', '2022-01-22 08:32:00', '2022-01-22 18:20:00', 0, 8, 69, 1, 90, 0, 0),
('2022-01-22 22:02:00', 'Madrid', '2022-01-22 08:32:00', '2022-01-22 18:20:00', 0, 8, 69, 1, 90, 0, 0),
('2022-01-22 22:02:00', 'Madrid', '2022-01-22 08:32:00', '2022-01-22 18:20:00', 0, 8, 69, 1, 90, 0, 0),
('2022-01-22 22:03:00', 'Madrid', '2022-01-22 08:32:00', '2022-01-22 18:20:00', 0, 8, 69, 1, 90, 0, 0),
('2022-01-22 22:05:00', 'Madrid', '2022-01-22 08:32:00', '2022-01-22 18:20:00', 0, 8, 69, 1, 90, 0, 0),
('2022-01-22 22:05:00', 'Madrid', '2022-01-22 08:32:00', '2022-01-22 18:20:00', 0, 8, 69, 1, 90, 0, 0),
('2022-01-22 22:17:00', 'Madrid', '2022-01-22 08:32:00', '2022-01-22 18:20:00', -1, 8, 70, 1, 92, 0, 0),
('2022-01-22 22:17:00', 'Madrid', '2022-01-22 08:32:00', '2022-01-22 18:20:00', -1, 8, 70, 1, 92, 0, 0),
('2022-01-23 09:02:00', 'Madrid', '2022-01-23 08:31:00', '2022-01-23 18:21:00', -3, 6, 81, 0, 50, 75, 0),
('2022-01-23 10:45:00', 'Madrid', '2022-01-23 08:31:00', '2022-01-23 18:21:00', 0, 6, 78, 2, 38, 75, 0),
('2022-01-23 10:52:00', 'Madrid', '2022-01-23 08:31:00', '2022-01-23 18:21:00', 0, 6, 78, 2, 38, 75, 0),
('2022-01-23 10:53:00', 'Madrid', '2022-01-23 08:31:00', '2022-01-23 18:21:00', 0, 6, 78, 2, 38, 75, 0),
('2022-01-23 11:01:00', 'Madrid', '2022-01-23 08:31:00', '2022-01-23 18:21:00', 1, 6, 79, 2, 52, 75, 0),
('2022-01-23 11:01:00', 'Madrid', '2022-01-23 08:31:00', '2022-01-23 18:21:00', 1, 6, 79, 2, 52, 75, 0),
('2022-01-23 11:02:00', 'Madrid', '2022-01-23 08:31:00', '2022-01-23 18:21:00', 1, 6, 79, 2, 52, 75, 0),
('2022-01-23 11:02:00', 'Madrid', '2022-01-23 08:31:00', '2022-01-23 18:21:00', 1, 6, 79, 2, 52, 75, 0),
('2022-01-23 11:06:00', 'Madrid', '2022-01-23 08:31:00', '2022-01-23 18:21:00', 1, 6, 79, 2, 52, 75, 0),
('2022-01-23 11:23:00', 'Madrid', '2022-01-23 08:31:00', '2022-01-23 18:21:00', 2, 7, 78, 1, 68, 75, 0),
('2022-01-23 12:19:00', 'Madrid', '2022-01-23 08:31:00', '2022-01-23 18:21:00', 3, 8, 72, 2, 23, 75, 0),
('2022-01-23 12:19:00', 'Madrid', '2022-01-23 08:31:00', '2022-01-23 18:21:00', 3, 8, 72, 2, 23, 75, 0),
('2022-01-23 12:20:00', 'Madrid', '2022-01-23 08:31:00', '2022-01-23 18:21:00', 3, 8, 72, 2, 23, 75, 0),
('2022-01-23 12:24:00', 'Madrid', '2022-01-23 08:31:00', '2022-01-23 18:21:00', 4, 8, 70, 0, 90, 75, 0),
('2022-01-23 12:24:00', 'Madrid', '2022-01-23 08:31:00', '2022-01-23 18:21:00', 4, 8, 70, 0, 90, 75, 0),
('2022-01-23 12:25:00', 'Madrid', '2022-01-23 08:31:00', '2022-01-23 18:21:00', 4, 8, 70, 0, 90, 75, 0),
('2022-01-23 12:26:00', 'Madrid', '2022-01-23 08:31:00', '2022-01-23 18:21:00', 4, 8, 70, 0, 90, 75, 0),
('2022-01-23 12:27:00', 'Madrid', '2022-01-23 08:31:00', '2022-01-23 18:21:00', 4, 8, 70, 0, 90, 75, 0),
('2022-01-23 12:27:00', 'Madrid', '2022-01-23 08:31:00', '2022-01-23 18:21:00', 4, 8, 70, 0, 90, 75, 0),
('2022-01-23 12:28:00', 'Madrid', '2022-01-23 08:31:00', '2022-01-23 18:21:00', 4, 8, 70, 0, 90, 75, 0),
('2022-01-23 12:28:00', 'Madrid', '2022-01-23 08:31:00', '2022-01-23 18:21:00', 4, 8, 70, 0, 90, 75, 0),
('2022-01-23 12:30:00', 'Madrid', '2022-01-23 08:31:00', '2022-01-23 18:21:00', 4, 8, 70, 0, 90, 75, 0),
('2022-01-23 12:36:00', 'Madrid', '2022-01-23 08:31:00', '2022-01-23 18:21:00', 5, 10, 69, 1, 68, 75, 0),
('2022-01-23 12:37:00', 'Madrid', '2022-01-23 08:31:00', '2022-01-23 18:21:00', 5, 10, 69, 1, 68, 75, 0),
('2022-01-23 12:40:00', 'Madrid', '2022-01-23 08:31:00', '2022-01-23 18:21:00', 5, 10, 69, 1, 68, 75, 0),
('2022-01-23 12:42:00', 'Madrid', '2022-01-23 08:31:00', '2022-01-23 18:21:00', 5, 10, 69, 1, 68, 75, 0),
('2022-01-23 12:42:00', 'Madrid', '2022-01-23 08:31:00', '2022-01-23 18:21:00', 5, 10, 69, 1, 68, 75, 0),
('2022-01-23 12:42:00', 'Madrid', '2022-01-23 08:31:00', '2022-01-23 18:21:00', 5, 10, 69, 1, 68, 75, 0),
('2022-01-23 12:43:00', 'Madrid', '2022-01-23 08:31:00', '2022-01-23 18:21:00', 5, 10, 69, 1, 68, 75, 0),
('2022-01-23 12:45:00', 'Madrid', '2022-01-23 08:31:00', '2022-01-23 18:21:00', 5, 10, 69, 1, 68, 75, 0),
('2022-01-23 12:59:00', 'Madrid', '2022-01-23 08:31:00', '2022-01-23 18:21:00', 5, 10, 68, 1, 113, 75, 0),
('2022-01-23 13:00:00', 'Madrid', '2022-01-23 08:31:00', '2022-01-23 18:21:00', 5, 10, 68, 1, 113, 75, 0),
('2022-01-23 13:20:00', 'Madrid', '2022-01-23 08:31:00', '2022-01-23 18:21:00', 5, 9, 68, 1, 68, 75, 0),
('2022-01-23 13:21:00', 'Madrid', '2022-01-23 08:31:00', '2022-01-23 18:21:00', 5, 9, 68, 1, 68, 75, 0),
('2022-01-23 13:24:00', 'Madrid', '2022-01-23 08:31:00', '2022-01-23 18:21:00', 5, 9, 68, 1, 68, 75, 0),
('2022-01-23 13:24:00', 'Madrid', '2022-01-23 08:31:00', '2022-01-23 18:21:00', 5, 9, 68, 1, 68, 75, 0),
('2022-01-23 13:25:00', 'Madrid', '2022-01-23 08:31:00', '2022-01-23 18:21:00', 5, 9, 68, 1, 68, 75, 0),
('2022-01-23 13:25:00', 'Madrid', '2022-01-23 08:31:00', '2022-01-23 18:21:00', 5, 9, 68, 1, 68, 75, 0),
('2022-01-23 13:28:00', 'Madrid', '2022-01-23 08:31:00', '2022-01-23 18:21:00', 5, 10, 66, 1, 45, 75, 0),
('2022-01-23 13:30:00', 'Madrid', '2022-01-23 08:31:00', '2022-01-23 18:21:00', 5, 10, 66, 1, 45, 75, 0),
('2022-01-23 13:33:00', 'Madrid', '2022-01-23 08:31:00', '2022-01-23 18:21:00', 5, 10, 66, 1, 45, 75, 0),
('2022-01-23 13:34:00', 'Madrid', '2022-01-23 08:31:00', '2022-01-23 18:21:00', 5, 10, 66, 1, 45, 75, 0),
('2022-01-23 13:34:00', 'Madrid', '2022-01-23 08:31:00', '2022-01-23 18:21:00', 5, 10, 66, 1, 45, 75, 0),
('2022-01-23 13:36:00', 'Madrid', '2022-01-23 08:31:00', '2022-01-23 18:21:00', 5, 10, 66, 1, 45, 75, 0),
('2022-01-23 13:36:00', 'Madrid', '2022-01-23 08:31:00', '2022-01-23 18:21:00', 5, 10, 66, 1, 45, 75, 0),
('2022-01-23 13:36:00', 'Madrid', '2022-01-23 08:31:00', '2022-01-23 18:21:00', 5, 10, 66, 1, 45, 75, 0),
('2022-01-23 13:37:00', 'Madrid', '2022-01-23 08:31:00', '2022-01-23 18:21:00', 5, 10, 66, 1, 45, 75, 0),
('2022-01-23 13:37:00', 'Madrid', '2022-01-23 08:31:00', '2022-01-23 18:21:00', 5, 10, 66, 1, 45, 75, 0),
('2022-01-23 13:38:00', 'Madrid', '2022-01-23 08:31:00', '2022-01-23 18:21:00', 5, 10, 66, 0, 23, 75, 0),
('2022-01-23 13:38:00', 'Madrid', '2022-01-23 08:31:00', '2022-01-23 18:21:00', 5, 10, 66, 0, 23, 75, 0),
('2022-01-23 13:39:00', 'Madrid', '2022-01-23 08:31:00', '2022-01-23 18:21:00', 5, 10, 66, 0, 23, 75, 0),
('2022-01-23 13:39:00', 'Madrid', '2022-01-23 08:31:00', '2022-01-23 18:21:00', 5, 10, 66, 0, 23, 75, 0),
('2022-01-23 13:40:00', 'Madrid', '2022-01-23 08:31:00', '2022-01-23 18:21:00', 5, 10, 66, 0, 23, 75, 0),
('2022-01-23 13:40:00', 'Madrid', '2022-01-23 08:31:00', '2022-01-23 18:21:00', 5, 10, 66, 0, 23, 75, 0),
('2022-01-23 13:41:00', 'Madrid', '2022-01-23 08:31:00', '2022-01-23 18:21:00', 5, 10, 66, 0, 23, 75, 0),
('2022-01-23 15:15:00', 'Madrid', '2022-01-23 08:31:00', '2022-01-23 18:21:00', 6, 12, 63, 2, 113, 75, 0),
('2022-01-23 15:15:00', 'Madrid', '2022-01-23 08:31:00', '2022-01-23 18:21:00', 6, 12, 63, 2, 113, 75, 0),
('2022-01-23 15:16:00', 'Madrid', '2022-01-23 08:31:00', '2022-01-23 18:21:00', 6, 11, 63, 2, 113, 75, 0),
('2022-01-23 15:20:00', 'Madrid', '2022-01-23 08:31:00', '2022-01-23 18:21:00', 6, 11, 63, 2, 113, 75, 0),
('2022-01-23 15:20:00', 'Madrid', '2022-01-23 08:31:00', '2022-01-23 18:21:00', 6, 11, 63, 2, 113, 75, 0),
('2022-01-23 15:22:00', 'Madrid', '2022-01-23 08:31:00', '2022-01-23 18:21:00', 6, 11, 63, 2, 113, 75, 0),
('2022-01-23 15:22:00', 'Madrid', '2022-01-23 08:31:00', '2022-01-23 18:21:00', 6, 11, 63, 2, 113, 75, 0),
('2022-01-23 15:23:00', 'Madrid', '2022-01-23 08:31:00', '2022-01-23 18:21:00', 6, 11, 63, 2, 113, 75, 0),
('2022-01-23 15:23:00', 'Madrid', '2022-01-23 08:31:00', '2022-01-23 18:21:00', 6, 11, 63, 2, 113, 75, 0),
('2022-01-23 15:23:00', 'Madrid', '2022-01-23 08:31:00', '2022-01-23 18:21:00', 6, 11, 63, 2, 113, 75, 0),
('2022-01-23 15:52:00', 'Madrid', '2022-01-23 08:31:00', '2022-01-23 18:21:00', 7, 12, 63, 1, 68, 75, 0),
('2022-01-23 15:52:00', 'Madrid', '2022-01-23 08:31:00', '2022-01-23 18:21:00', 7, 12, 63, 1, 68, 75, 0),
('2022-01-23 19:20:00', 'Madrid', '2022-01-23 08:31:00', '2022-01-23 18:21:00', 4, 10, 64, 0, 76, 75, 0),
('2022-01-23 19:20:00', 'Madrid', '2022-01-23 08:31:00', '2022-01-23 18:21:00', 4, 10, 64, 0, 76, 75, 0),
('2022-01-23 19:21:00', 'Madrid', '2022-01-23 08:31:00', '2022-01-23 18:21:00', 4, 10, 65, 0, 93, 75, 0),
('2022-01-23 19:21:00', 'Madrid', '2022-01-23 08:31:00', '2022-01-23 18:21:00', 4, 10, 65, 0, 93, 75, 0),
('2022-01-23 19:21:00', 'Madrid', '2022-01-23 08:31:00', '2022-01-23 18:21:00', 4, 10, 65, 0, 93, 75, 0),
('2022-01-23 19:36:00', 'Madrid', '2022-01-23 08:31:00', '2022-01-23 18:21:00', 4, 9, 65, 0, 113, 75, 0),
('2022-01-23 20:57:00', 'Madrid', '2022-01-23 08:31:00', '2022-01-23 18:21:00', 2, 9, 65, 0, 70, 75, 0),
('2022-01-23 20:57:00', 'Madrid', '2022-01-23 08:31:00', '2022-01-23 18:21:00', 2, 9, 65, 0, 70, 75, 0),
('2022-01-23 20:59:00', 'Madrid', '2022-01-23 08:31:00', '2022-01-23 18:21:00', 2, 9, 65, 0, 70, 75, 0),
('2022-01-23 20:59:00', 'Madrid', '2022-01-23 08:31:00', '2022-01-23 18:21:00', 2, 9, 65, 0, 70, 75, 0),
('2022-01-23 20:59:00', 'Madrid', '2022-01-23 08:31:00', '2022-01-23 18:21:00', 2, 9, 65, 0, 70, 75, 0),
('2022-01-23 20:59:00', 'Madrid', '2022-01-23 08:31:00', '2022-01-23 18:21:00', 2, 9, 65, 0, 70, 75, 0),
('2022-01-23 20:59:00', 'Madrid', '2022-01-23 08:31:00', '2022-01-23 18:21:00', 2, 9, 65, 0, 70, 75, 0),
('2022-01-23 21:04:00', 'Madrid', '2022-01-23 08:31:00', '2022-01-23 18:21:00', 2, 9, 65, 0, 70, 75, 0),
('2022-01-23 21:50:00', 'Madrid', '2022-01-23 08:31:00', '2022-01-23 18:21:00', 2, 9, 68, 1, 72, 0, 0),
('2022-01-24 07:41:00', 'Madrid', '2022-01-24 08:30:00', '2022-01-24 18:22:00', 0, 5, 81, 1, 41, 20, 0),
('2022-01-24 07:45:00', 'Madrid', '2022-01-24 08:30:00', '2022-01-24 18:22:00', 0, 5, 81, 1, 41, 20, 0),
('2022-01-24 10:56:00', 'Madrid', '2022-01-24 08:30:00', '2022-01-24 18:22:00', 3, 8, 74, 2, 51, 75, 0),
('2022-01-24 10:56:00', 'Madrid', '2022-01-24 08:30:00', '2022-01-24 18:22:00', 3, 8, 74, 2, 51, 75, 0),
('2022-01-24 11:16:00', 'Madrid', '2022-01-24 08:30:00', '2022-01-24 18:22:00', 3, 8, 73, 1, 27, 75, 0),
('2022-01-24 11:16:00', 'Madrid', '2022-01-24 08:30:00', '2022-01-24 18:22:00', 3, 8, 73, 1, 27, 75, 0),
('2022-01-24 11:22:00', 'Madrid', '2022-01-24 08:30:00', '2022-01-24 18:22:00', 3, 8, 73, 2, 90, 75, 0),
('2022-01-24 11:25:00', 'Madrid', '2022-01-24 08:30:00', '2022-01-24 18:22:00', 3, 8, 73, 2, 90, 75, 0),
('2022-01-24 11:26:00', 'Madrid', '2022-01-24 08:30:00', '2022-01-24 18:22:00', 3, 8, 73, 2, 90, 75, 0),
('2022-01-24 11:26:00', 'Madrid', '2022-01-24 08:30:00', '2022-01-24 18:22:00', 3, 8, 73, 2, 90, 75, 0),
('2022-01-24 11:27:00', 'Madrid', '2022-01-24 08:30:00', '2022-01-24 18:22:00', 3, 8, 73, 2, 90, 75, 0),
('2022-01-24 11:27:00', 'Madrid', '2022-01-24 08:30:00', '2022-01-24 18:22:00', 3, 8, 73, 2, 90, 75, 0),
('2022-01-24 11:29:00', 'Madrid', '2022-01-24 08:30:00', '2022-01-24 18:22:00', 3, 8, 73, 0, 147, 75, 0),
('2022-01-24 11:29:00', 'Madrid', '2022-01-24 08:30:00', '2022-01-24 18:22:00', 3, 8, 73, 0, 147, 75, 0),
('2022-01-24 11:29:00', 'Madrid', '2022-01-24 08:30:00', '2022-01-24 18:22:00', 3, 8, 73, 0, 147, 75, 0),
('2022-01-24 11:34:00', 'Madrid', '2022-01-24 08:30:00', '2022-01-24 18:22:00', 3, 8, 73, 1, 45, 75, 0),
('2022-01-24 11:35:00', 'Madrid', '2022-01-24 08:30:00', '2022-01-24 18:22:00', 3, 8, 73, 1, 45, 75, 0),
('2022-01-24 11:35:00', 'Madrid', '2022-01-24 08:30:00', '2022-01-24 18:22:00', 3, 8, 73, 1, 45, 75, 0),
('2022-01-24 11:35:00', 'Madrid', '2022-01-24 08:30:00', '2022-01-24 18:22:00', 3, 8, 73, 1, 45, 75, 0),
('2022-01-24 11:36:00', 'Madrid', '2022-01-24 08:30:00', '2022-01-24 18:22:00', 3, 8, 73, 1, 45, 75, 0),
('2022-01-24 11:36:00', 'Madrid', '2022-01-24 08:30:00', '2022-01-24 18:22:00', 3, 8, 73, 1, 45, 75, 0),
('2022-01-24 11:36:00', 'Madrid', '2022-01-24 08:30:00', '2022-01-24 18:22:00', 3, 8, 73, 1, 45, 75, 0),
('2022-01-24 11:38:00', 'Madrid', '2022-01-24 08:30:00', '2022-01-24 18:22:00', 3, 8, 73, 1, 45, 75, 0),
('2022-01-24 11:38:00', 'Madrid', '2022-01-24 08:30:00', '2022-01-24 18:22:00', 3, 8, 73, 1, 45, 75, 0),
('2022-01-24 11:38:00', 'Madrid', '2022-01-24 08:30:00', '2022-01-24 18:22:00', 3, 8, 73, 1, 45, 75, 0),
('2022-01-24 11:41:00', 'Madrid', '2022-01-24 08:30:00', '2022-01-24 18:22:00', 3, 8, 73, 1, 45, 75, 0),
('2022-01-24 11:41:00', 'Madrid', '2022-01-24 08:30:00', '2022-01-24 18:22:00', 3, 8, 73, 1, 45, 75, 0),
('2022-01-24 11:42:00', 'Madrid', '2022-01-24 08:30:00', '2022-01-24 18:22:00', 3, 8, 73, 1, 45, 75, 0),
('2022-01-24 11:42:00', 'Madrid', '2022-01-24 08:30:00', '2022-01-24 18:22:00', 3, 8, 73, 1, 45, 75, 0),
('2022-01-24 11:42:00', 'Madrid', '2022-01-24 08:30:00', '2022-01-24 18:22:00', 3, 8, 73, 1, 45, 75, 0),
('2022-01-24 11:43:00', 'Madrid', '2022-01-24 08:30:00', '2022-01-24 18:22:00', 3, 8, 73, 1, 45, 75, 0),
('2022-01-24 11:44:00', 'Madrid', '2022-01-24 08:30:00', '2022-01-24 18:22:00', 3, 8, 73, 1, 113, 75, 0),
('2022-01-24 11:44:00', 'Madrid', '2022-01-24 08:30:00', '2022-01-24 18:22:00', 3, 8, 73, 1, 113, 75, 0),
('2022-01-24 11:45:00', 'Madrid', '2022-01-24 08:30:00', '2022-01-24 18:22:00', 3, 8, 73, 1, 113, 75, 0),
('2022-01-24 11:45:00', 'Madrid', '2022-01-24 08:30:00', '2022-01-24 18:22:00', 3, 8, 73, 1, 113, 75, 0),
('2022-01-24 11:46:00', 'Madrid', '2022-01-24 08:30:00', '2022-01-24 18:22:00', 3, 8, 73, 1, 113, 75, 0),
('2022-01-24 11:46:00', 'Madrid', '2022-01-24 08:30:00', '2022-01-24 18:22:00', 3, 8, 73, 1, 113, 75, 0),
('2022-01-24 11:46:00', 'Madrid', '2022-01-24 08:30:00', '2022-01-24 18:22:00', 3, 8, 73, 1, 113, 75, 0),
('2022-01-24 11:47:00', 'Madrid', '2022-01-24 08:30:00', '2022-01-24 18:22:00', 3, 8, 73, 1, 113, 75, 0),
('2022-01-24 11:48:00', 'Madrid', '2022-01-24 08:30:00', '2022-01-24 18:22:00', 3, 8, 73, 1, 113, 75, 0),
('2022-01-24 11:48:00', 'Madrid', '2022-01-24 08:30:00', '2022-01-24 18:22:00', 3, 8, 73, 1, 113, 75, 0),
('2022-01-24 11:49:00', 'Madrid', '2022-01-24 08:30:00', '2022-01-24 18:22:00', 3, 8, 73, 1, 113, 75, 0),
('2022-01-24 11:49:00', 'Madrid', '2022-01-24 08:30:00', '2022-01-24 18:22:00', 3, 8, 73, 1, 113, 75, 0),
('2022-01-24 11:49:00', 'Madrid', '2022-01-24 08:30:00', '2022-01-24 18:22:00', 3, 8, 73, 1, 113, 75, 0),
('2022-01-24 18:08:00', 'Madrid', '2022-01-24 08:30:00', '2022-01-24 18:22:00', 6, 10, 56, 1, 68, 100, 0),
('2022-01-24 18:10:00', 'Madrid', '2022-01-24 08:30:00', '2022-01-24 18:22:00', 6, 10, 56, 1, 68, 100, 0),
('2022-01-24 18:12:00', 'Madrid', '2022-01-24 08:30:00', '2022-01-24 18:22:00', 6, 10, 56, 1, 23, 100, 0),
('2022-01-24 18:12:00', 'Madrid', '2022-01-24 08:30:00', '2022-01-24 18:22:00', 6, 10, 56, 1, 23, 100, 0),
('2022-01-24 18:12:00', 'Madrid', '2022-01-24 08:30:00', '2022-01-24 18:22:00', 6, 10, 56, 1, 23, 100, 0),
('2022-01-24 18:13:00', 'Madrid', '2022-01-24 08:30:00', '2022-01-24 18:22:00', 6, 10, 56, 1, 23, 100, 0),
('2022-01-24 18:15:00', 'Madrid', '2022-01-24 08:30:00', '2022-01-24 18:22:00', 6, 10, 56, 1, 23, 100, 0),
('2022-01-24 18:15:00', 'Madrid', '2022-01-24 08:30:00', '2022-01-24 18:22:00', 6, 10, 56, 1, 23, 100, 0),
('2022-01-24 18:15:00', 'Madrid', '2022-01-24 08:30:00', '2022-01-24 18:22:00', 6, 10, 56, 1, 23, 100, 0),
('2022-01-24 18:16:00', 'Madrid', '2022-01-24 08:30:00', '2022-01-24 18:22:00', 6, 10, 56, 1, 23, 100, 0),
('2022-01-24 18:18:00', 'Madrid', '2022-01-24 08:30:00', '2022-01-24 18:22:00', 6, 10, 56, 1, 23, 100, 0),
('2022-01-24 18:19:00', 'Madrid', '2022-01-24 08:30:00', '2022-01-24 18:22:00', 6, 10, 56, 1, 23, 100, 0),
('2022-01-24 18:20:00', 'Madrid', '2022-01-24 08:30:00', '2022-01-24 18:22:00', 6, 10, 56, 1, 23, 100, 0),
('2022-01-24 18:21:00', 'Madrid', '2022-01-24 08:30:00', '2022-01-24 18:22:00', 6, 10, 56, 1, 23, 100, 0),
('2022-01-24 18:22:00', 'Madrid', '2022-01-24 08:30:00', '2022-01-24 18:22:00', 6, 10, 56, 1, 23, 100, 0),
('2022-01-24 18:23:00', 'Madrid', '2022-01-24 08:30:00', '2022-01-24 18:22:00', 6, 10, 56, 1, 23, 100, 0),
('2022-01-24 18:23:00', 'Madrid', '2022-01-24 08:30:00', '2022-01-24 18:22:00', 6, 10, 56, 1, 23, 100, 0),
('2022-01-24 18:25:00', 'Madrid', '2022-01-24 08:30:00', '2022-01-24 18:22:00', 6, 10, 56, 1, 23, 100, 0),
('2022-01-24 18:25:00', 'Madrid', '2022-01-24 08:30:00', '2022-01-24 18:22:00', 6, 10, 56, 1, 23, 100, 0),
('2022-01-24 18:25:00', 'Madrid', '2022-01-24 08:30:00', '2022-01-24 18:22:00', 6, 10, 56, 1, 23, 100, 0),
('2022-01-24 18:26:00', 'Madrid', '2022-01-24 08:30:00', '2022-01-24 18:22:00', 6, 10, 56, 1, 23, 100, 0),
('2022-01-24 18:26:00', 'Madrid', '2022-01-24 08:30:00', '2022-01-24 18:22:00', 6, 10, 56, 1, 23, 100, 0),
('2022-01-24 18:26:00', 'Madrid', '2022-01-24 08:30:00', '2022-01-24 18:22:00', 6, 10, 56, 1, 23, 100, 0),
('2022-01-24 18:27:00', 'Madrid', '2022-01-24 08:30:00', '2022-01-24 18:22:00', 6, 10, 56, 1, 23, 100, 0),
('2022-01-24 18:27:00', 'Madrid', '2022-01-24 08:30:00', '2022-01-24 18:22:00', 6, 10, 56, 1, 23, 100, 0),
('2022-01-24 18:30:00', 'Madrid', '2022-01-24 08:30:00', '2022-01-24 18:22:00', 6, 10, 56, 1, 23, 100, 0),
('2022-01-24 18:30:00', 'Madrid', '2022-01-24 08:30:00', '2022-01-24 18:22:00', 6, 10, 56, 1, 23, 100, 0),
('2022-01-24 18:31:00', 'Madrid', '2022-01-24 08:30:00', '2022-01-24 18:22:00', 6, 10, 56, 1, 23, 100, 0),
('2022-01-24 18:31:00', 'Madrid', '2022-01-24 08:30:00', '2022-01-24 18:22:00', 6, 10, 56, 1, 23, 100, 0),
('2022-01-24 18:31:00', 'Madrid', '2022-01-24 08:30:00', '2022-01-24 18:22:00', 6, 10, 56, 1, 23, 100, 0),
('2022-01-24 18:32:00', 'Madrid', '2022-01-24 08:30:00', '2022-01-24 18:22:00', 6, 10, 56, 2, 45, 100, 0),
('2022-01-24 18:36:00', 'Madrid', '2022-01-24 08:30:00', '2022-01-24 18:22:00', 6, 10, 56, 2, 45, 100, 0),
('2022-01-24 20:31:00', 'Madrid', '2022-01-24 08:30:00', '2022-01-24 18:22:00', 5, 9, 61, 0, 45, 100, 0),
('2022-01-24 20:32:00', 'Madrid', '2022-01-24 08:30:00', '2022-01-24 18:22:00', 5, 9, 61, 0, 45, 100, 0),
('2022-01-24 21:11:00', 'Madrid', '2022-01-24 08:30:00', '2022-01-24 18:22:00', 5, 9, 59, 1, 45, 100, 0),
('2022-01-24 22:33:00', 'Madrid', '2022-01-24 08:30:00', '2022-01-24 18:22:00', 5, 8, 60, 1, 72, 100, 0),
('2022-01-24 22:34:00', 'Madrid', '2022-01-24 08:30:00', '2022-01-24 18:22:00', 5, 8, 60, 1, 72, 100, 0),
('2022-01-24 22:35:00', 'Madrid', '2022-01-24 08:30:00', '2022-01-24 18:22:00', 5, 8, 60, 1, 72, 100, 0),
('2022-01-24 22:36:00', 'Madrid', '2022-01-24 08:30:00', '2022-01-24 18:22:00', 5, 8, 60, 1, 72, 100, 0),
('2022-01-24 22:37:00', 'Madrid', '2022-01-24 08:30:00', '2022-01-24 18:22:00', 5, 8, 60, 1, 72, 100, 0),
('2022-01-24 22:39:00', 'Madrid', '2022-01-24 08:30:00', '2022-01-24 18:22:00', 5, 8, 60, 1, 72, 100, 0),
('2022-01-24 22:39:00', 'Madrid', '2022-01-24 08:30:00', '2022-01-24 18:22:00', 5, 8, 60, 1, 72, 100, 0),
('2022-01-24 22:44:00', 'Madrid', '2022-01-24 08:30:00', '2022-01-24 18:22:00', 5, 8, 60, 2, 70, 100, 0),
('2022-01-24 22:45:00', 'Madrid', '2022-01-24 08:30:00', '2022-01-24 18:22:00', 5, 8, 60, 2, 70, 100, 0),
('2022-01-24 22:46:00', 'Madrid', '2022-01-24 08:30:00', '2022-01-24 18:22:00', 5, 8, 60, 2, 70, 100, 0),
('2022-01-24 22:46:00', 'Madrid', '2022-01-24 08:30:00', '2022-01-24 18:22:00', 5, 8, 60, 2, 70, 100, 0),
('2022-01-25 07:41:00', 'Madrid', '2022-01-25 08:30:00', '2022-01-25 18:23:00', 2, 7, 72, 2, 60, 75, 0),
('2022-01-25 07:41:00', 'Madrid', '2022-01-25 08:30:00', '2022-01-25 18:23:00', 2, 7, 72, 2, 60, 75, 0),
('2022-01-25 08:16:00', 'Madrid', '2022-01-25 08:30:00', '2022-01-25 18:23:00', 2, 7, 70, 3, 60, 75, 0),
('2022-01-25 09:58:00', 'Madrid', '2022-01-25 08:30:00', '2022-01-25 18:23:00', 4, 7, 68, 2, 69, 75, 0),
('2022-01-25 10:50:00', 'Madrid', '2022-01-25 08:30:00', '2022-01-25 18:23:00', 4, 9, 68, 2, 68, 75, 0),
('2022-01-25 10:51:00', 'Madrid', '2022-01-25 08:30:00', '2022-01-25 18:23:00', 4, 9, 68, 2, 68, 75, 0),
('2022-01-25 10:57:00', 'Madrid', '2022-01-25 08:30:00', '2022-01-25 18:23:00', 6, 9, 67, 0, 113, 75, 0),
('2022-01-25 10:57:00', 'Madrid', '2022-01-25 08:30:00', '2022-01-25 18:23:00', 6, 9, 67, 0, 113, 75, 0),
('2022-01-25 10:58:00', 'Madrid', '2022-01-25 08:30:00', '2022-01-25 18:23:00', 6, 9, 67, 0, 113, 75, 0),
('2022-01-25 10:58:00', 'Madrid', '2022-01-25 08:30:00', '2022-01-25 18:23:00', 6, 9, 67, 0, 113, 75, 0),
('2022-01-25 10:58:00', 'Madrid', '2022-01-25 08:30:00', '2022-01-25 18:23:00', 6, 9, 67, 0, 113, 75, 0),
('2022-01-25 10:59:00', 'Madrid', '2022-01-25 08:30:00', '2022-01-25 18:23:00', 6, 9, 67, 0, 113, 75, 0),
('2022-01-25 10:59:00', 'Madrid', '2022-01-25 08:30:00', '2022-01-25 18:23:00', 6, 9, 67, 0, 113, 75, 0),
('2022-01-25 10:59:00', 'Madrid', '2022-01-25 08:30:00', '2022-01-25 18:23:00', 6, 9, 67, 0, 113, 75, 0),
('2022-01-25 11:04:00', 'Madrid', '2022-01-25 08:30:00', '2022-01-25 18:23:00', 6, 9, 67, 0, 113, 75, 0),
('2022-01-25 11:04:00', 'Madrid', '2022-01-25 08:30:00', '2022-01-25 18:23:00', 6, 9, 67, 0, 113, 75, 0),
('2022-01-25 11:04:00', 'Madrid', '2022-01-25 08:30:00', '2022-01-25 18:23:00', 6, 9, 67, 0, 113, 75, 0),
('2022-01-25 11:07:00', 'Madrid', '2022-01-25 08:30:00', '2022-01-25 18:23:00', 6, 9, 67, 0, 113, 75, 0),
('2022-01-25 11:57:00', 'Madrid', '2022-01-25 08:30:00', '2022-01-25 18:23:00', 6, 9, 64, 2, 78, 75, 0),
('2022-01-25 11:57:00', 'Madrid', '2022-01-25 08:30:00', '2022-01-25 18:23:00', 6, 9, 64, 2, 78, 75, 0),
('2022-01-25 12:09:00', 'Madrid', '2022-01-25 08:30:00', '2022-01-25 18:23:00', 6, 9, 64, 2, 94, 75, 0),
('2022-01-25 12:09:00', 'Madrid', '2022-01-25 08:30:00', '2022-01-25 18:23:00', 6, 9, 64, 2, 94, 75, 0),
('2022-01-25 12:35:00', 'Madrid', '2022-01-25 08:30:00', '2022-01-25 18:23:00', 7, 10, 62, 1, 113, 40, 0),
('2022-01-25 12:35:00', 'Madrid', '2022-01-25 08:30:00', '2022-01-25 18:23:00', 7, 10, 62, 1, 113, 40, 0),
('2022-01-25 12:59:00', 'Madrid', '2022-01-25 08:30:00', '2022-01-25 18:23:00', 7, 11, 60, 0, 90, 40, 0);

--
-- Índices para tablas volcadas
--

--
-- Indices de la tabla `covid`
--
ALTER TABLE `covid`
  ADD PRIMARY KEY (`id`);

--
-- Indices de la tabla `vital`
--
ALTER TABLE `vital`
  ADD PRIMARY KEY (`id`);

--
-- AUTO_INCREMENT de las tablas volcadas
--

--
-- AUTO_INCREMENT de la tabla `covid`
--
ALTER TABLE `covid`
  MODIFY `id` int(5) NOT NULL AUTO_INCREMENT, AUTO_INCREMENT=99;

--
-- AUTO_INCREMENT de la tabla `vital`
--
ALTER TABLE `vital`
  MODIFY `id` int(4) NOT NULL AUTO_INCREMENT, AUTO_INCREMENT=130;
COMMIT;

/*!40101 SET CHARACTER_SET_CLIENT=@OLD_CHARACTER_SET_CLIENT */;
/*!40101 SET CHARACTER_SET_RESULTS=@OLD_CHARACTER_SET_RESULTS */;
/*!40101 SET COLLATION_CONNECTION=@OLD_COLLATION_CONNECTION */;
